Name;PLZ;Ort;Adresse;Deb./Kred.-Nr;Typ;Land
AB Plast Srl;25125;BRESCIA BS;Fura 38 A;10133;Kunde;Italien
ABS Production Lohmar GmbH;53797;LOHMAR;Scheiderhöhe Strasse 30 - 38;10104;Kunde;Deutschland
"ADO Lights 
by TTC Timmler Technology GmbH";53881;Euskirchen;Christian-Schäfer-Straße 8;10117;Kunde;Deutschland
"AHE Technik
Jörg Becker";53577;NEUSTADT/WIED;Ehrenberg 16;10106;Kunde;Deutschland
AIR ENERGY GmbH & Co. KG;52064;Aachen;Zollamtstraße 10;10120;Kunde;Deutschland
Airbus Defence and Space GmbH;81611;München;FACTS 4289 BKR;10121;Kunde;Deutschland
AKM-Tore GmbH;56459;Langenhahn;Friedrich-Pfeiffer-Straße 2;10110;Kunde;Deutschland
ALHO Systembau GmbH;51598;Friesenhagen;Hammer 1;10126;Kunde;Deutschland
ALHO Systembau AG;4806;Wikon;Industriestraße 8;10131;Kunde;Schweiz
Aliga-Tor GmbH;31199;Diekholzen;St.-Georg-Ring 12;10114;Kunde;Deutschland
Almatec GmbH;35423;Lich-Eberstadt;Im Löchel 2;10115;Kunde;Deutschland
Alois Berger GmbH & Co. KG;87700;Memmingen;In der Neuen Welt 14;10135;Kunde;Deutschland
AMI Förder-und Lagertechnik GmbH;57629;Luckenbach;Leystraße 27;10119;Kunde;Deutschland
Automatic Minibar System Ltd.;;Berkshire SL1 4QU;468 Malton Avenue, Slough;10108;Kunde;Großbritannien und Nordirland
"AMS GmbH
Metall-Bautechnik";57578;Elkenroth/Ww.;Postfach 55;10105;Kunde;Deutschland
APST service & trading;90478;Nürnberg;Burgerstraße 55;10134;Kunde;Deutschland
Aquafides GmbH;4860;Lenzing;Photo-Play-Straße 1;10116;Kunde;Österreich
"Aquafides Schweiz AG
KATADYN GROUP";8310;Kemptthal;Pfäffikerstrasse 37;10706;Kunde;Schweiz
ARCS Elektrotechnik GmbH;57537;Wissen;Nistertalstraße 15;10103;Kunde;Deutschland
Arcus Kabelkonfektionierung GmbH;35745;Herborn;Junostraße 1;10118;Kunde;Deutschland
ARTec-elmec GmbH & Co. KG;91459;Markt Erlbach;Lerchenfeld 3;10098;Kunde;
"AS Elektrotechnik
Anneliese Sauer
Inhaber: Manfred Sauer";35684;Dillenburg-Frohnhausen;Hauptstraße 107;10107;Kunde;Deutschland
asimbly GmbH;70435;Stuttgart;Schützenbühlstraße 83;10136;Kunde;Deutschland
"ASR Electronic 
Wischermann & Müller GmbH";51491;Overath;Hohkeppeler Str. 31;10127;Kunde;Deutschland
ASSA ABLOY Entrance Systems Germany GmbH;59557;Lippstadt;Am Mondschein 25;10122;Kunde;Deutschland
ASSA ABLOY;215126;428 Cinglong Street;"Entrance Systems
Unit 23, Suchun In";10130;Kunde;China (Volksrepublik)
ASSA ABLOY ES Production s.r.o.;34901;Kostelec;Ostrov u Stribra 11;10129;Kunde;Tschechien (Tschechische Republik)
Asteelflash Hersfeld GmbH;36251;Bad Hersfeld;Konrad -Zuse-Straße 19-21;10132;Kunde;Deutschland
Atesi Elektrotechnik GmbH;57555;Mudersbach;Stahlwerkstraße 18a;10111;Kunde;Deutschland
ATHOS Elektrosysteme GmbH;58515;Lüdenscheid;Westerfelder Weg 25;10109;Kunde;Deutschland
ATI B.V.;1362;AB Almere;Argonweg 44;10112;Kunde;Niederlande
ATLANTA ELEKTROSYSTEME GmbH;58515;LÜDENSCHEID;WESTERFELDER WEG 25;10100;Kunde;Deutschland
ATLANTA-ELEKTROSYSTEME GMBH;98587;Steinbach-Hallenberg/Thüringen;Am Schertzer 18;10099;Kunde;Deutschland
ATM Qness GmbH;57636;Mammelzen;Emil-Reinert-Straße 2;10123;Kunde;Deutschland
ATX Hardware GmbH;86932;Pürgen;Am Kornfeld 8;10124;Kunde;Deutschland
AUER Signalgeräte GmbH;41468;Neuss;Sperberweg 4G;10125;Kunde;Deutschland
Auslandskunde;;;;19999;Kunde;Deutschland
"AUTEK GmbH Maschinen- 
und Anlagenautomatisierung";57580;Gebhardshain;Liebergstraße 28A;10128;Kunde;Deutschland
"Autek GmbH
Maschinen- und Anlagenautomation";57537;Wissen;Waldweg 14;10101;Kunde;Deutschland
Autometer GmbH;57072;Siegen;Wallhausenstraße 10;10102;Kunde;Deutschland
"Automotive-Service-Siegen
Inhaber Ludger Horzella";57072;Siegen;Rubensstraße 13;10113;Kunde;Deutschland
AWK GmbH;93161;Sinzing;Vogelsang 6;10137;Kunde;Deutschland
B&T Exact GmbH;58285;Gevelsberg;Gewerbestraße 31;10235;Kunde;Deutschland
Bals GmbH & Co.KG;57399;Kirchhundem-Albaum;Burgweg 22;10227;Kunde;Deutschland
bar pneumatische Steuerungssysteme GmbH;53547;Dattenberg;Auf der Hohl 1;10199;Kunde;Deutschland
Bartolosch GmbH;57520;Friedewald;In der Schlosswiese 6;10225;Kunde;Deutschland
"Bayer 
Metallverarbeitung";91126;Schwabach;Liebigstrasse 10;10205;Kunde;Deutschland
"Beck
Kabel- und Gehäusetechnik GmbH";91448;Emskirchen;Bahnhofswald 4;10204;Kunde;Deutschland
BEGA Gantenbrink-Leuchten KG;58689;Menden;Postfach 3160;10215;Kunde;Deutschland
Belma Accessories Systems Sp.Z.o.o.;86-005;Biale Blota;"Ul. Lochowska 69
NIP: PL 554-24-51-581";10211;Kunde;Polen
BERNER TORANTRIEBE GmbH;72108;ROTTENBURG;GRAF-BENTZEL-SRASSE 68;10221;Kunde;Deutschland
BERKER GMBH & CO. KG;66440;Blieskastel;Zum Gunterstal;10209;Kunde;Deutschland
Hager Production Poland sp. z o. o.;43-100;Tychy;Fabryczna 10;10224;Kunde;Polen
BEV Bastian GmbH;35684;Dillenburg;Albrecht-Dürer-Str.11;10228;Kunde;Deutschland
BHS-Pro GmbH;57074;Siegen;Hauptstraße 52;10223;Kunde;Deutschland
BJB GmbH & Co.KG;59755;ARNSBERG 1;WERLER STR. 1;10207;Kunde;Deutschland
BKT Brocke;51545;Waldbröl;Adolf-Kolping-Str.2;10229;Kunde;Deutschland
BMR GMBH;90455;NÜRNBERG;Unterreichenbacherstr. 1;10222;Kunde;Deutschland
Böhnke + Partner GmbH;51429;Bergisch-Gladbach;Heinz-Fröling-Straße 12;10213;Kunde;Deutschland
Boll & Kirch Filterbau GmbH;50170;Kerpen;Siemensstraße 10-14;10231;Kunde;Deutschland
"Bongard & Lind Noise Protection
GmbH & Co. KG";56414;Weroth;Bongard-und-Lind-Straße 1;10234;Kunde;Deutschland
Bosch Thermotechnik GmbH;35576;WETZLAR;SOPHIENSTR. 30-32;10220;Kunde;Deutschland
BREMI Fahrzeug-Elektrik;58566;Kierspe;Friedrich-Ebert-Strasse 217;10202;Kunde;Deutschland
BRILLIANT AG.;27442;GNARRENGURG;BRILLIANTSTR. 1;10200;Kunde;Deutschland
"Brinkschulte & von Wittken GmbH
Schaltanlagen und Apparatebau";58285;Gevelsberg;Schulstraße 31;10226;Kunde;Deutschland
"BRUCHERSEIFER
Transport + Logistik GmbH";57537;Wissen;Walzwerkstraße 24;10203;Kunde;Deutschland
"BS Technik
Bernd Schramm";97277;Neubrunn-Böttigheim;Frankenlandstraße 21;10208;Kunde;Deutschland
BSG-SCHALTTECHNIK GMBH;72336;Balingen;MEISTERSTR. 19;10210;Kunde;Deutschland
Bücker & Essing GmbH;49811;Lingen (Ems);Friedrich-Ebert-Str. 125;10232;Kunde;Deutschland
F. BÜKER & SCHULTE GMBH;59329;WADERSLOH-LIESBORN;AHLKENER STR.24;10214;Kunde;Deutschland
Klaus Burk GmbH;51482;Overath;Postfach 1108;10216;Kunde;Deutschland
BUSCH - ELEKTRO;58511;LÜDENSCHEID;SCHÜTZENSTR. 28;10218;Kunde;Deutschland
BUSCH & MÜLLER KG;58540;Meinerzhagen;Auf dem Bamberg 1;10233;Kunde;Deutschland
Buss mould technology GmbH & Co. KG;35516;Münzenberg;Butzbacher Straße 6;10230;Kunde;Deutschland
C. Gerhardt GmbH & Co. KG;53639;Königswinter;Cäsariusstraße 97;10313;Kunde;Deutschland
C+P MÖBELSYSTEME GMBH & CO.KG;35236;BREIDENBACH;Boxbachstr. 1;10302;Kunde;Deutschland
"CADCABEL AG
Verdrahtungssysteme";37318;Hohengandern;Halle-Kasseler-Straße 100b;10307;Kunde;Deutschland
"Caloplex GmbH
Elektroheiztechnik";57072;Siegen;Welterstraße 42;10308;Kunde;Deutschland
Carl Weydemeyer GmbH;51149;Köln;Theodor-Heuss-Str. 51-53;12470;Kunde;Deutschland
CDG International B.V.;6921;RC Duiven;Segment 17;10312;Kunde;Niederlande
"Chase Advanced
Technologies Ltd.";BD58HW;Bradford;Eurocam Technology Park;10301;Kunde;Großbritannien und Nordirland
CINOGY GmbH;37115;Duderstadt;Max-Näder-Straße 15;10311;Kunde;Deutschland
Cleversolar GmbH;22419;Hamburg;"Tarpen 40
Gebäude 6b";10304;Kunde;Deutschland
"Carl Cloos
Schweißtechnik GmbH";35708;Haiger;Carl-Cloos-Strasse 1;10309;Kunde;Deutschland
Compel Electronics GmbH;36179;Bebra;Otto Kraffke Straße;10310;Kunde;Deutschland
"CONEC 
Elektronische Bauelemente GmbH";59557;Lippstadt;Ostenfeldmark 16;10306;Kunde;Deutschland
Contour bv;7100;AB Winterswijk;Postbus 54;10305;Kunde;Niederlande
COROPLAST KG;42279;WUPPERTAL;Wittener Str. 271;10300;Kunde;Deutschland
CRAMER SR (s.r.o.) GmbH;58681;Menden;Postfach 2152;10303;Kunde;Deutschland
DC-Datacenter-Group GmbH;57584;Wallmenroth;In der Aue 2;11714;Kunde;Deutschland
"DECO-LICHT
THOMAS HANNA";80796;MÜNCHEN;RANKESTR. 6;10405;Kunde;Deutschland
Dehn Instatec;92318;Neumarkt;Hans-Dehn-Straße;10410;Kunde;Deutschland
Deltatherm Hirmer GmbH;53804;Much;Gewerbegebiet Böv;10411;Kunde;Deutschland
Deutsche Mechatronics GmbH;53894;Mechernich;Friedrich-Wilhelm-Straße 14;10401;Kunde;Deutschland
Dessauer Gasgeräte GMBH;06847;Dessau/Anhalt;Junkersstraße 35-36;10400;Kunde;Deutschland
Diehl & Eagle Picher GmbH;90552;Roethenbach a. d. Pegnitz;Fischbachstraße 20;10350;Kunde;Deutschland
"Dienes Werke für Maschinenteile
GmbH & Co. KG";51491;Overath;Kölner Strasse 7;10412;Kunde;Deutschland
Dieter Bosbach e.K.;51688;Wipperfürth;Altes Wehr 5a;10212;Kunde;Deutschland
DIRKRA Sondermaschinenbau GmbH & Co.KG;52224;Stolberg;Werther Str. 20;10351;Kunde;Deutschland
dissol GmbH;45472;Mülheim;Dessauer Strasse 83;10403;Kunde;Deutschland
Diverse Kunden;;;;12399;Kunde;
Dometic;9809;Hosingen Luxembourg;17.Op der Hei;10404;Kunde;Luxemburg
Dometic Zrt.;5100;Jászberény;Necsó telep 1.;10503;Kunde;Ungarn
Dometic GmbH;57010;SIEGEN            L-Nr 5810080;POSTFACH 101051;10501;Kunde;Deutschland
Dometic Light Systems GmbH;57074;Siegen;In der Steinwiese 16;10509;Kunde;Deutschland
Dometic Slovakia s.r.o.;98601;Filakovo;Tehelná 8;10537;Kunde;Slowakei (Slowakische Republik)
Dr. Boy GmbH & Co. KG;53577;Fernthal;Neschener Straße 6;10523;Kunde;Deutschland
DREHMO GmbH;57482;Wenden;Zum Eichstruck 10;10402;Kunde;Deutschland
EAT-HOF GmbH;57482;Wenden;Hüttenbruchstraße 5;10672;Kunde;Deutschland
EFB - Elektronik GmbH;33659;Bielefeld;Fabrikstraße 8;10523;Kunde;Deutschland
EFEN GmbH;65344;Eltville;Große Hub 10c;10490;Kunde;Deutschland
ekontor GmbH;74081;Heilbronn;Uhdestraße  31-33;10524;Kunde;Deutschland
eks Engel FOS GmbH & Co. KG;57482;Wenden - Hillmicke;Schützenstr. 2;10513;Kunde;Deutschland
elbatronic GmbH;01705;Freital;Döhlener  Gewerbering 5;10532;Kunde;Deutschland
"ELDANET GmbH
Elektro-Daten-Netzwerktechnik";40476;Düsseldorf;Weissenburger Strasse 66;10504;Kunde;Deutschland
ELECTROLUX S.A.R.L;9809;Hosingen/LUXEMBOURG;14, op der Hei;10517;Kunde;Luxemburg
"ELECTROLUX LEISURE APPL.KFT
FEMNYOMO UT 1.";5101;JASZBERENY;P.O.B: 64;10518;Kunde;Ungarn
"ELEKTROSTAR SCHÖTTLE
GMBH & CO.";73262;REICHENBACH;STUTTGARTERSTR. 36;10506;Kunde;Deutschland
ELEKTRISOLA GMBH & CO KG;51580;REICHSHOF-ECKENHAGEN;Zur Steinagger 3;10514;Kunde;Deutschland
Electraplan Solutions GmbH;66440;Blieskastel;Zum Gunterstal;10500;Kunde;Deutschland
ELECTROLUX SIEGEN GMBH;57229;WILNSDORF;POSTFACH 3143;10502;Kunde;Deutschland
"ELEKTRONICS MARKETING
GUIDO JUNG";57537;Wissen;Ende 24;10515;Kunde;Deutschland
Elekro-Conze GmbH;57539;Roth;Rotherstraße 5;10525;Kunde;Deutschland
Elektro Braun GmbH;63741;Aschaffenburg;Stengerstraße 4;10526;Kunde;Deutschland
Elektro Oerter;57234;Wilnsdorf;Zum Rödgen 3;11504;Kunde;Deutschland
Elektronik 3000 GmbH;58640;Iserlohn;Langer Brauck 17;10510;Kunde;Deutschland
Elektronik Service ESS;66123;Saarbrücken;Peter-Zimmer-Straße 13;10536;Kunde;Deutschland
Elektronikbau- und Vertriebs- GmbH;57299;Burbach;Heisterner Weg 8-12;10512;Kunde;Deutschland
Elektrotechnik Jacobi;59557;Lippstadt;Westernkötterstraße 228;10808;Kunde;Deutschland
ELMATECH AG;51597;Morsbach;Wisseraue 1;10507;Kunde;Deutschland
Elmeg GmbH;31228;Peine;Vöhrunerstr. 30;10527;Kunde;Deutschland
"ELTEC
Industrie-Products";1632;Sofia;"w.k. Owcha kupel
Str. 692; Nr. 12; app.office";10533;Kunde;Bulgarien
EMG Automation GmbH;57482;Wenden;Industriestraße 1;10516;Kunde;Deutschland
EMO  GmbH;04157;Leipzig;Eduard-von-Hartmann-Str. 3;10519;Kunde;Deutschland
EPS electronic Products & Systems GmbH;57080;Siegen;Eiserfelder Straße 316;10498;Kunde;Deutschland
EPV - Electronic GmbH;58809;Neuenrade;Gevener Weg 36;10528;Kunde;Deutschland
"ERG ELEKTRO-RÖHREN-GES.
MBH + CO KG GÖTTINGEN";37079;GÖTTINGEN;RUDOLF-WINKEL-STR. 2;10508;Kunde;Deutschland
"Ernst Berger & Söhne
Juwel-Schraubtechnik GmbH";57537;Wissen;Werkstraße 14;10529;Kunde;Deutschland
ESCHA GmbH & Co.KG;58542;Halver;Postfach 1212;10522;Kunde;Deutschland
ESD Horst Kringe;57250;Netphen;Glockenstraße 34;10505;Kunde;Deutschland
ESR - Peter Radtke;42853;Remscheid;Wilhelmstraße 56;10534;Kunde;Deutschland
ETB Energietechnik;28279;Bremen;Scipionstraße 8;10535;Kunde;Deutschland
ETL Schlegel GmbH;53121;Bonn;Klara-M.-Faßbinder-Straße 8;11931;Kunde;Deutschland
EVERTZ Hydrotechnik GmbH & Co. KG;57518;Betzdorf;Gewerbepark 4;10499;Kunde;Deutschland
EVO-PRODUCTS Blankenburg GmbH;53424;Remagen;Dieselstraße 3;10521;Kunde;Deutschland
EWM Hightec Welding GmbH;56271;Mündersbach;Dr.-Günter-Henle-Straße 8;10511;Kunde;Deutschland
F + P Kabelvertrieb GmbH;58256;Ennepetal;Aufsicht 4;10559;Kunde;Deutschland
"FACON
Elettrocostampati EL.FAC. s.r.l";25024;Leno (BS);Via Magellano 9;10562;Kunde;Italien
"FAGSI 
Vertriebs- und Vermietungs-GmbH";51597;Morsbach;Nordstraße 1;10551;Kunde;Deutschland
"FAGSI GmbH
Hauptlager";85232;Bergkirchen;Neuriesstraße 11;10566;Kunde;Deutschland
FAGSI GmbH;01640;Coswig b. Dresden;Köhlerstraße 1-3;10565;Kunde;Deutschland
FAGSI GmbH;69123;Heidelberg;Kurpfalzring 116-118;10569;Kunde;Deutschland
FAGSI GmbH;47800;Krefeld;Emil-Schäfer-Straße 54;10567;Kunde;Deutschland
FAGSI GmbH;21217;Seevetal;Storchenweg 14;10568;Kunde;Deutschland
"FAGSI S.A.S
Parc d`Activites de la Villette aux
Aulnes";77291;Mitry Mory Cedex;Rue Sophie Germain - BP29;10571;Kunde;Frankreich
Fakir Hausgeräte GmbH;71665;Vaihingen/Enz;Industriestraße 6;10563;Kunde;Deutschland
"FAMO GmbH & Co. KG
Fachgrosshandel";26138;Oldenburg;Postfach 90 21;10531;Kunde;Deutschland
FAUN Umwelttechnik GmbH & Co. KG;27711;Osterholz-Scharmbeck;Feldhorst 4;10600;Kunde;Deutschland
"FEAG Fertigungscenter für
Elektrische Anlagen GmbH
Niederlassung Erlangen";91058;Erlangen;Günther-Scharowsky-Str. 2;10555;Kunde;Deutschland
"FEAG  GmbH
Niederlassung Dormagen";41540;Dormagen;Hamburger Str.12;10556;Kunde;Deutschland
"FEAG Langen GmbH
Betrieb Mörfelden";64546;Mörfelden-Walldorf;Siemensstraße 7;10554;Kunde;Deutschland
febana Feinmechanische Bauelemente GmbH;99610;Sömmerda;Rheinmetallstraße 11;10572;Kunde;Deutschland
"Feinmetall GmbH
Prüftechnik für Elektronik";71083;Herrenberg;Zeppelinstraße 8;10553;Kunde;Deutschland
Feig Electronic GmbH;35781;Weilburg;Industriestraße 1a;10552;Kunde;Deutschland
FELSCH Spritzguß GmbH;33824;Werther;Dammstraße 5-13;10570;Kunde;Deutschland
HUGO FIBELKORN GmbH & Co;42579;HEILIGENHAUS;RUHRSTR. 140-148;10560;Kunde;Deutschland
"FIB
S. Foert Industriebedarf";58840;Plettenberg;Seydlitzstraße 28;10557;Kunde;Deutschland
FILOTEC d.o.o. & Co. k.d.;8311;Kostanjevica na Krki;Krska cesta 8;10558;Kunde;Slowenien
"FISCHER GmbH
INDUSTRIEPARK B9";56626;ANDERNACH;LOHMANNSTRASSE 29;10561;Kunde;Deutschland
FISCHER & SCHNEIDER GMBH;99817;EISENACH /GÜLDENE AUE;EICHRODTER WEG 143;10520;Kunde;Deutschland
Fischer Elektronik GmbH & Co. KG;58511;Lüdenscheid;Nottebohmstraße 28;10564;Kunde;Deutschland
Friedhelm Selbach GmbH;42477;Radevormwald;Heisenbergstraße 5;11923;Kunde;Deutschland
Fritz Driescher KG;41844;Wegberg;Industriestraße 2;10419;Kunde;Deutschland
Fritz Studer AG;3612;Steffisburg;Thunstrasse 15;11927;Kunde;Deutschland
"GÄFGEN GMBH 
ELEKTROGROßHANDEL";57648;UNNAU-KORB/WW.;Grenzweg 3;10608;Kunde;Deutschland
"Gardner Denver Deutschland GmbH
CompAir Drucklufttechnik";55469;Simmern / Hunsrück;Argenthaler Straße 11;10614;Kunde;Deutschland
"Karl Alfons Gass
GmbH & Co. KG";36304;Alsfeld;Hersfelder Straße 54;10603;Kunde;Deutschland
GC heat;51545;Waldbröl;Industriestraße 34;10605;Kunde;Deutschland
"GEA Heat Exchangers a.s.
GEA Air Treatment Systems";46312;Liberec XXV - Vesec;Slovanska 781;10655;Kunde;Tschechien (Tschechische Republik)
"geba Handels- und
Entwicklungsgesellschaft mbH";53783;Eitorf;Wecostraße 7-11;10606;Kunde;Deutschland
GEBA-Slovakia, spol.s.r.o.;01401;Bytca;Hlinická cesta 1280/12;10619;Kunde;Slowakei (Slowakische Republik)
Geier Starkstromtechnik GmbH;35688;Dillenburg;Fritz-Heun-Weg 7;10612;Kunde;Deutschland
GEPVOLT SE;40724;Hilden;Max-Volmer-Str.23;10621;Kunde;Deutschland
Geyssel Sondermaschinen GmbH;50829;Köln;Richard-Byrd-Straße 29;10615;Kunde;Deutschland
"Giesen Wärme- und
Regeltechnik GmbH";58119;Hagen;Ziegelstraße 4;10602;Kunde;Deutschland
Glen Dimplex Deutschland GmbH;95326;KULMBACH;AM GOLDENEN FELD 18;11113;Kunde;Deutschland
Glen Dimplex EIO GmbH;96515;Sonneberg;Otto-Bergner-Straße 28;11111;Kunde;Deutschland
GOMA B.V.;7255;ZG Hengelo-Gld.;Postbus 8;10649;Kunde;Niederlande
Görlitz AG;56070;Koblenz;August-Thyssen-Straße 32;10653;Kunde;Deutschland
Gravur und Frästechnik Fiedler;57627;Hachenburg;"Vor der Struth 2
Halle 13a";10613;Kunde;Deutschland
"FIRMA
GROTE & HARTMANN GMBH & CO KG";42353;WUPPERTAL;POSTFACH 210309;10604;Kunde;Deutschland
Grohe AG;58675;Hemer;Industriepartk Edelburg;10611;Kunde;Deutschland
Grothaus Pendeltüren  KG;49326;Melle;Im Gewerbepark 8;10620;Kunde;Deutschland
Grüninger Electronics GmbH;71384;Weinstadt;Heinkelstraße 31;10616;Kunde;Deutschland
GS Elektroanlagenmontage GmbH;47829;Krefeld;Parkstraße 10;10609;Kunde;Deutschland
GTE Industrieelektronik GmbH;41747;Viersen;Helmholtzstraße 21;10610;Kunde;Deutschland
GTV Verschleißschutz GmbH;57629;Luckenbach;Vor der Neuwiese 7;10618;Kunde;Deutschland
"Guntermann & Drunk GmbH
Systementwicklung";57074;Siegen;Obere Leimbach 9;10617;Kunde;Deutschland
HEB industrie-elektronik GmbH;39439;Güsten;Ilberstedter Str. 1-5;10632;Kunde;Deutschland
HAGEMEYER Deutschland GmbH & Co. KG;57258;Freudenberg;Am Silberstern 24A;10642;Kunde;Deutschland
Hailo Wind Systems GmbH & Co. KG;35708;Haiger;Kalteiche-Ring 18;10629;Kunde;Deutschland
HAKA Elektronik-Leiterplatten GmbH;66583;Spiesen-Elversberg;Am Zankwald 12;10647;Kunde;Deutschland
Hanovia Ltd;SL1 4LA;Slough;780 Buckingham Ave;10670;Kunde;Großbritannien und Nordirland
GEA  Air Treatment Production GmbH;35792;Löhnberg - Oberhausen;Hauptstrasse;10646;Kunde;Deutschland
Hard- und Softwareengineering GBR;57627;Hachenburg;Auf dem Taubhaus 9;10648;Kunde;Deutschland
"HAWA
Hans Wagner GmbH";96358;Reichenbach;Brunnenstraße 2;10671;Kunde;Deutschland
HaWe-Speed GmbH;53604;Bad Honnef;Zilzkreuz 18;10658;Kunde;Deutschland
Helectronics GmbH;33142;Büren;"Lindberghring 8
Gewerbepark Flughafen";10659;Kunde;Deutschland
Helmholz GmbH & Co. KG;91091;Großenseebach;Hannberger Weg 2;10631;Kunde;Deutschland
HELU KABEL GmbH;71282;Hemmingen;Schloßhaldenstr. 10;10639;Kunde;Deutschland
"WITH  Wolfgang Hennel
Industrieberatung";51676;Wipperfürth;Altes Wehr 10c;10601;Kunde;Deutschland
Herrmann Gmbh & Co. KG;71336;Waiblingen;Liststraße 8;10645;Kunde;Deutschland
H.W. Hermann GmbH;35614;Asslar;Loherstraße 11+20;10643;Kunde;Deutschland
"Hetec
U. Held Hard.- und Softwarenentwick";56479;Neustadt;Schardstrasse 17;10652;Kunde;Deutschland
HEUFT Systemtechnik GmbH;56659;Burgbrohl;Brohltalstraße 31-33;10657;Kunde;Deutschland
"HEW-KABEL
H. EILENTROPP GMBH & CO KG";51688;WIPPERFÜRTH;GEW.-GEBIET KLINGSIEPEN 12;10644;Kunde;Deutschland
"HIMMEL  Antriebstechnik 
GmbH & Co.KG
by Neudecker & Jolitz";48705;Gescher;Postfach 1159;11405;Kunde;Deutschland
HIPO Systems GmbH;57548;Kirchen (Sieg);Auf dem Molzberg 2;10664;Kunde;Deutschland
Hirmer GmbH;53804;;Bövingen 122;10668;Kunde;Deutschland
"HITACHI DRIVES & AUTOMATION GMBH; B";;;;10665;Kunde;
HME Elektrotechnik;57007;Siegen;Postfach 10 07 06;10654;Kunde;Deutschland
"HOBBYRING Creativ + Freizeit
GmbH & Co. KG";72555;Metzingen;Weiherstrasse 8;10640;Kunde;Deutschland
"Höhmann
Industrieservice & Logistik GmbH";34127;Kassel;Nidervellmarer Straße 41b;10630;Kunde;Deutschland
Honeywell Hotechnikai Kft.;8800;Nagykanizsa;Dozsa Gy. U. 147;10663;Kunde;Ungarn
Honeywell Products & Solutions Sarl;1180;Rolle;Z.A. La Pièce 16;10669;Kunde;Schweiz
Hörmann Genk NV;3600;Genk;"Industrieterrein Genk Noord-Zone 2 
Woudstraat 2";10656;Kunde;Belgien
Hotset GmbH;58511;Lüdenscheid;Hueckstraße 16;10651;Kunde;Deutschland
Ho Tec Hollenberg GmbH;49545;Tecklenburg-Brochterbeck;Wechter Straße 14;10662;Kunde;Deutschland
"HUNDT & WEBER GMBH
SCHALTGERÄTE";57258;FREUDENBERG;INDUSTRIEGEBIET;10650;Kunde;Deutschland
Hyfra Industriekühlanlagen GmbH;56593;Krunkel;Industriepark 54;10667;Kunde;Deutschland
IBEDA GmbH & Co. KG;53577;Neustadt (Wied);Bahnhofstraße 27;10713;Kunde;Deutschland
igus GmbH;51147;Köln (Porz-Lind);Spicher Straße 1a;10709;Kunde;Deutschland
IKODA GmbH;15806;Dabendorf;Märkische Straße;10717;Kunde;Deutschland
ILLUMA Licht AG;8308;Illnau/ZH;Kempttalstrasse 113;10201;Kunde;Schweiz
in-Tec Bensheim GmbH;64625;Bensheim;Neuwiesenfeld 11;10712;Kunde;Deutschland
indEAS - Eingabe- und Antriebs-Systeme GmbH;72124;Pliezhausen;Am Henselsgraben 8;10720;Kunde;Deutschland
INDU-ELECTRIC Gerber GmbH;41470;Neuss;Am Henselsgraben 8;10714;Kunde;Deutschland
Industrie Elektronik Brilon GmbH;59929;Brilon;Almerfeldweg 40;10721;Kunde;Deutschland
"Inland Craft Products
European Agency";32584;Loehne;Tichelbrink 68;10705;Kunde;Deutschland
Inno Heege GmbH & Co. KG;56761;Düngenheim;Bärenacker 19;10716;Kunde;Deutschland
"INTAMIN Bahntechnik- und
Betriebs- GmbH & Co. KG";56584;Rüscheid;Dierdorfer Straße 18;10707;Kunde;Deutschland
"INTEC Handel für Kabel
& Elektro-System e. K.";53757;Sankt Augustin;Mittelstr. 51 a;10715;Kunde;Deutschland
INVERS GmbH;57250;Netphen (Siegen);Untere Industriestr. 20;10719;Kunde;Deutschland
IPG Laser GmbH;57299;Burbach;Siemensstraße 7;10711;Kunde;Deutschland
ISK GmbH;53783;Eitorf;Altebach 39;10718;Kunde;Deutschland
ITC Thermo Cable GmbH;22851;Norderstedt;Hans-Böckler-Ring 19;10710;Kunde;Deutschland
"iX-Pos GbR
Frank Eibach";12305;Berlin;Rackebüller Weg 35;10708;Kunde;Deutschland
JACKE GMBH;33142;BÜREN;WESTRING 18;10801;Kunde;Deutschland
Jacob GmbH;71394;Kernen;Gottlieb-Daimler-Straße 11;10807;Kunde;Deutschland
"JOETEC Industrie
Technology GmbH
Manfred Joebges";57482;Olpe;Breikelchen 14;10803;Kunde;Deutschland
"JOETEC Industrievertrieb
Manfred Joebges";57482;Olpe;Breikelchen 14;10805;Kunde;Deutschland
Johann Vitz GmbH & Co. KG;42549;Velbert;Uhlandstraße 24;12409;Kunde;Deutschland
Joiner’s Bench GmbH;42859;Remscheid;Adlerstr. 17b;10806;Kunde;Deutschland
Jokon GmbH;53229;BONN;ROSENBACH 42;10802;Kunde;Deutschland
Jung Elektrogerätebau GmbH;57234;Wilnsdorf;Rathausstraße 38-40;10804;Kunde;Deutschland
Keller & Emhardt;78313;Radolfzell;Fritz-Reichle-Ring 22-24;11100;Kunde;Deutschland
KAB KOCH DECKENSYSTEME GMBH&CO. KG;42549;VELBERT;FEUERDORNSTR. 1-3;11003;Kunde;Deutschland
KABE LABORTECHNIK GmbH;51588;Nümbrecht-Elsenroth;Jägerhofstraße 17;11006;Kunde;Deutschland
KAESER KOMPRESSOREN SE;96450;COBURG;Postfach 2143;11002;Kunde;Deutschland
"KAESER KOMPRESSOREN AG
WERK GERA";07508;GERA;Postfach 1663;10607;Kunde;Deutschland
"KAISER GMBH & CO KG
INSTALLATIONSTECHNIK";58579;SCHALKSMÜHLE;RAMSLOH  4;11001;Kunde;Deutschland
Kegler Lichttechnik GmbH;65582;Diez;Nikolaus-Otto-Straße 3-5;11005;Kunde;Deutschland
Rittal RCS Cooling Solutions S.r.l.;36067;Valeggio sul Mincio (VR);Via degli Imprenditori 15;11004;Kunde;Italien
Kellner & Kunz AG;4600;Wels;Boschstraße 37;11009;Kunde;Österreich
KEUCO GMBH & CO.KG;58675;Hemer;Oesestr. 36;12209;Kunde;Deutschland
Kieback&Peter GmbH & Co. KG;15749;Mittenwalde;Dahmestr. 18-19;11008;Kunde;Deutschland
KING PLASTIC GmbH;51647;GUMMERSBACH;HAMMERWIESE 3;11103;Kunde;Deutschland
DEW KLEINE PRODUCTS GMBH;37318;Arenshausen;Halle-Kasseler-Str. 49;11115;Kunde;Deutschland
"Kleinesdar Wärmetechnik GmbH
Gewerbepark OWL";32107;Bad Salzuflen;Röntgenstraße 29;11117;Kunde;Deutschland
"KLEINTGES
TRANSFORMATOREN";36320;KIRTORF;RABENBORNSWEG 13;11110;Kunde;Deutschland
HERMANN KLEINHUIS GMBH & Co. KG;53545;Linz/Rhein;Asbacher Straße 141;11112;Kunde;Deutschland
"HERMANN KLEINHUIS GMBH & CO. KG
Zentraleinkauf Linz";53545;Linz/Rhein;Asbacher Straße 141;11114;Kunde;Deutschland
KLEUSBERG GmbH & Co. KG;06184;Kabelskeltal;Grünstraße;11120;Kunde;Deutschland
KLEUSBERG GmbH & Co. KG;57537;Wissen;Wisserhof;11119;Kunde;Deutschland
Koch GmbH & Co. KG;35716;Dietzhölztal;Hauptstraße 177;11102;Kunde;Deutschland
Kölner Verkehrs-Betriebe AG;50933;Köln;Scheidtweilerstr. 38;11107;Kunde;Deutschland
KOSTAL Kontaktsysteme GmbH;58513;Lüdenscheid;Zum Timberg 2;11007;Kunde;Deutschland
"KÖTTING GMBH
Crimp-,Anschlag- und Verb.-technik
Inh. Andreas Berg";57537;WISSEN/SIEG;"IND.-GEBIET ""ALTE HÜTTE""";11101;Kunde;Deutschland
KRAH - RWI;57489;DROLSHAGEN;MÄRKISCHE STR. 4;11105;Kunde;Deutschland
"KRAH GMBH & CO KG
ELEKTROTECHN. FABRIK";57489;DROLSHAGEN;MÄRKISCHE STR. 4;11104;Kunde;Deutschland
Krifft & Zipsner GmbH Maschinenbau;57520;Steinebach;Industriestrasse 4/17;11106;Kunde;Deutschland
KRIWAN Industrie-Elektronik GmbH;74670;Forchtenberg;Allmand 11;11131;Kunde;Deutschland
Krombach Digitaltechnik GmbH;57537;Wissen;Schulstraße 3;11121;Kunde;Deutschland
KSK Automation GmbH;45721;Haltern am See;An der Ziegelei 9;11122;Kunde;Deutschland
Kupferberg Kabel GmbH;51688;Wipperfürth;Alte Bahnhofstrasse 6;11118;Kunde;Deutschland
"Küppersbusch 
Großküchen GmbH & Co. KG";45883;Gelsenkirchen;Küppersbuschstraße 2;11130;Kunde;Deutschland
"Lampertz GmbH & Co. KG
c/o Loh Services GmbH & Co. KG
Rechnungsprüfung";35703;Haiger;Postfach 13 19;11205;Kunde;Deutschland
LAMBDA TECHNOLOGY GmbH;85567;Grafing bei München;Am Schammacher Feld 1;11202;Kunde;Deutschland
Landis & Staefa Produktion GmbH;76437;Rastatt;Berliner Ring 23;11203;Kunde;Deutschland
Laserline GmbH;56218;Mühlheim-Kärlich;Fraunhofer Straße;11201;Kunde;Deutschland
LED Technics Germany GmbH;50678;Köln;Im Zollhafen 24;11212;Kunde;Deutschland
LENNEPER LEUCHTEN GMBH;51647;GUMMERSBACH;Gelpstraße 75;11206;Kunde;Deutschland
LES Langen Electronic Systems GmbH;41066;Mönchengladbach;Dohrweg 61;11213;Kunde;Deutschland
Leunig GmbH;53721;Siegburg;Wilhelm-Ostwald-Str. 17;11214;Kunde;Deutschland
"Limbach Flugmotoren
GmbH";53639;Königswinter-Sassenberg;Kotthausener Straße 5;11209;Kunde;Deutschland
Lista GmbH;51702;Bergneustadt;Brückenstraße 1;11211;Kunde;Deutschland
LÜBKE & DRILLER GMBH;59755;ARNSBERG;MÖHNESTR. 141;11207;Kunde;Deutschland
LÜCK Elektrosysteme GmbH;57562;HERDORF;WOLFSWEG 28;11204;Kunde;Deutschland
Lumberg Connect GmbH;58579;Schalksmühle;Im Gewerbepark 2;11208;Kunde;Deutschland
LumiCoin Elektronik e.K.;53567;Asbach;Rindhausener Straße 24;11210;Kunde;Deutschland
Manitowoc Deutschland GmbH;35745;Herborn;Auf der Weih 11;11318;Kunde;Deutschland
"MAREM
ELEKTRONIK M.SCHREMB";57537;WISSEN;Köttingerweg 102a;11314;Kunde;Deutschland
Marel Slovakia s.r.o.;94901;Nitra;Dolne Hony 7;12223;Kunde;Slowakei (Slowakische Republik)
Marel Treif  GmbH;57641;Oberlahr;Toni-Reifenhäuser-Str. 1;12206;Kunde;Deutschland
"MAVIFLEX
M.Armand Poyet";69150;Decines;8-14 Rue Vaucanson;11319;Kunde;Frankreich
"MCS
Alpert & Schneider GbR";51580;Reichshof-Eichholz;Eichholzer Straße 18;11302;Kunde;Deutschland
MDM Diels;58540;MEINERZHAGEN;Darmcher Grund 18;11312;Kunde;Deutschland
MEDI Kabel GmbH;84478;Waldkraiburg;Geretsrieder Straße 18;11308;Kunde;Deutschland
MEDOYS Deutschland;83607;Holzkirchen;Tölzer Straße 12;11323;Kunde;Deutschland
MEDTRON AG;66128;Saarbruecken;Hauptstrasse 255;11301;Kunde;Deutschland
"MENNEKES
Elektrotechnik GmbH & Co. KG";57343;Lennestadt;Postfach 1364;11320;Kunde;Deutschland
Mertens und Schneider GmbH;57578;Elkenroth;Alsdorfer Weg 11;11324;Kunde;Deutschland
"Firma
METALLUK Bauscher GmbH & Co.KG";96050;BAMBERG;Ohmstr. 8;11321;Kunde;Deutschland
"Firma
MEYER HARTMUT";63697;HIRZENHAIN-GLASHÜTTEN;IN DER LACHE 1;11322;Kunde;Deutschland
MGV Stromversorgungen GmbH;81737;München;Bayerwaldstraße 27;11317;Kunde;Deutschland
MICRO ELEKTRONIC GmbH;51580;REICHSHOF;ALLENBACHERSTR. 17a;10217;Kunde;Deutschland
MILtronik GmbH & Co.KG;40724;Hilden;Max-Volmer-Straße 27;11311;Kunde;Deutschland
"MINIBAR UK LDT
MAPLE COURT";;Berks SL6 3LW;"Grove Park Business Estate
White Waltham
Maidnheat";11325;Kunde;Großbritannien und Nordirland
MK-Kreuter Elektronik GmbH;35578;Wetzlar;"Gewerbepark Westend
Am Schmittenberg 16";11316;Kunde;Deutschland
"MKC Michels & Kleberhoff
Computer GmbH";42329;Wuppertal;Vohwinkeler Str. 58;11315;Kunde;Deutschland
Mohr GmbH elektrotechnische Anlagen;56841;TRABEN-TRARBACH;GEWERBEGEB. MONT-ROYAL;11305;Kunde;Deutschland
Montaplast GmbH;51597;Morsbach/Sieg;Krottorfer Str. 25;11307;Kunde;Deutschland
Moog Rekofa GmbH;53533;Antweiler;Bergstraße 41;11327;Kunde;Deutschland
"MPO ELEKTRIK
MONIKA PONZELAR";41460;NEUSS;BÜTTGER STR. 48;11310;Kunde;Deutschland
"Klaus MÜLLER 
MASCHINENTECHNIK";57258;FREUDENBERG;Uebachstrasse 69a;11306;Kunde;Deutschland
"MC MULTI-CONTACT
DEUTSCHLAND GMBH";79576;WEIL/RH.;HEGENHEIMER STR. 19;11309;Kunde;Deutschland
MÜLLER-PLASTIK;51688;Wipperfürth-Kupferberg;Alte Bahnhofstraße 21;11303;Kunde;Deutschland
MUNSCH Kunststoff-Schweißtechnik GmbH;56235;Ransbach-Baumbach;Im Staudchen;11326;Kunde;Deutschland
MVT Verpackungstechnik GmbH;57612;Bhf.-Ingelbach;Kölner Straße 11;11304;Kunde;Deutschland
"Ernst Neumärker GmbH & Co. KG
Lohstraße 13";58675;HEMER;;11403;Kunde;Deutschland
Newtronics;57074;Siegen;In der Steinwiese 78;11409;Kunde;Deutschland
NIEDAX GMBH & CO KG;53545;Linz / Rhein;ASBACHER STR. 141;11400;Kunde;Deutschland
NIES electronic GmbH;60388;Frankfurt;Edisonstrasse 7;11410;Kunde;Deutschland
"Nilotec
Pero Nilovic";58553;Halver;Rader Straße 29;11401;Kunde;Deutschland
NIMAK GmbH;57531;WISSEN;Frankenthal 2;11402;Kunde;Deutschland
NKL GmbH;74549;Wolpertshausen;Birkichstraße 15;10409;Kunde;Deutschland
NMB Minebea GmbH;63225;Langen;Siemensstraße 30;11407;Kunde;Deutschland
Nolta GmbH;35091;Cölbe;Industriestraße 8;11406;Kunde;Deutschland
Nord-Ost-Technik;29431;Lüchow;Postfach 1122;11404;Kunde;Deutschland
NORMBAU GmbH;77871;Renchen;Schwarzwaldstraße 15;11411;Kunde;Deutschland
"Novar GmbH
a Honeywell Company";41469;Neuss;Dieselstr. 2;10666;Kunde;Deutschland
NYUGAT KERESKEDELMI KFT.;8800;Nagykanizsa;Magyar UT 162 A;11408;Kunde;Ungarn
OdT GmbH;57548;Kirchen;Jungenthaler Str. 91;11506;Kunde;Deutschland
OKM Industrielackierung;35685;Dillenburg;Dillenburger Str. 66;11507;Kunde;Deutschland
"OLIGO
LICHTTECHNIK GMBH";53757;Sankt Augustin;Tannenweg 1;11502;Kunde;Deutschland
OMNITRON Griese GmbH;57223;Kreuztal;Aherhammer 6;11501;Kunde;Deutschland
ELEKTROBAU OSCHATZ GMBH & CO. KG;04758;OSCHATZ;FREIHERR VOM STEIN PROMENADE 5;11500;Kunde;Deutschland
Otto Bieber GmbH & Co. KG;35713;Eschenburg;Schelde-Lahn-Straße;11508;Kunde;Deutschland
Otto Kind GmbH & Co. KG;51645;Gummersbach;Hagener Str. 35;11509;Kunde;Deutschland
OV Verbindungssysteme GmbH;51674;Wiehl;Sengbergstraße 8-12;11505;Kunde;Deutschland
F.W. Oventrop GmbH & Co. KG;59939;Olsberg;Paul-Oventrop-Str. 1;11503;Kunde;Deutschland
"Patronics International Ltd.
Bowman House, Beechwood Way";PL75HH;Plymouth;Langage Science Park;11700;Kunde;Großbritannien und Nordirland
PAW GmbH & Co. KG;31789;Hameln;Böcklerstraße 11;11703;Kunde;Deutschland
PEHA Elektro GmbH & Co. KG;58553;Halver;Daimlerstraße 4;10660;Kunde;Deutschland
Pfeifer und Seibel GmbH;35236;Breidenbach;Maurerstraße 15;11713;Kunde;Deutschland
PGT Thermoprozesstechnik GmbH;53842;Troisdorf;Camp-Spich-Straße 65;11712;Kunde;
Phaesun GmbH;87700;Memmingen;Brühlweg 9;11707;Kunde;Deutschland
"Philips GmbH
Tuners Competence Centre Krefeld";47747;Krefeld;Postfach 9069;11701;Kunde;Deutschland
"Phoeniks
Produktion Gmbh";45881;Gelsenkirchen;Magdeburger Str. 37;11699;Kunde;Deutschland
Picos GmbH;57548;Kirchen/Sieg;Auf dem Molzberg 2;;Kunde;Deutschland
"Plarad
Maschinenfabrik Wagner GmbH & Co.KG";53804;Much;Birrenbachshöhe 17;11510;Kunde;Deutschland
PRACHT Energy GmbH;35320;Dautphetal-Buchenau;Am Seerain 3;11716;Kunde;Deutschland
PRACHT Industry GmbH;35322;Dautphetal-Buchenau;Am Seerain 3;11708;Kunde;Deutschland
PRO CAR GmbH & Co. KG;58579;Schalksmühle;Hälverstraße 43;11709;Kunde;Deutschland
ProContain GmbH;01640;Coswig;Köhlerstraße 1-3;11512;Kunde;Deutschland
ProContain GmbH;51597;Morsbach;Nordstraße 1;11511;Kunde;Deutschland
"Fagsi
Parc d`Activites de la Villette aux
Aulnes";77291;Mitry Mory Cedex;Rue Sophie Germain - BP29;10595;Kunde;Frankreich
"ProContain S.A.S
Parc d`Activites de la Villette aux
Aulnes";77291;Mitry Mory Cedex;Rue Sophie Germain - BP29;11513;Kunde;Frankreich
Prozeda GmbH;91330;Eggolsheim;In der Büg 5;11710;Kunde;Deutschland
"Prüfrex-Elektro
Apparatebau";90553;Cadolzburg;Postfach 20;11705;Kunde;Deutschland
PSG Procurement Services GmbH;53797;Lohmar;Haus Sülz 6;11715;Kunde;Deutschland
PTR Messtechnik GmbH & Co. KG;59368;Werne;Gewerbehof 38;11702;Kunde;Deutschland
PULS GmbH;81925;München;Arabellastraße 15;11711;Kunde;Deutschland
Pulsotronic GmbH;09366;Niederdorf;Neue Schichtstraße 14;11717;Kunde;Deutschland
Karl Püplichhuisen GmbH & Co. KG;47010;Duisburg;Postfach 101063;11706;Kunde;Deutschland
PWM GmbH & Co. KG;51702;BERGNEUSTADT;KÖLNERSTR. 120;11704;Kunde;Deutschland
"QS electronics Vertriebs-GmbH ""S""";41836;Hückelhoven;Zechenring 19;11730;Kunde;Deutschland
Radium Lampenwerk;51678;Wipperfürth;Postfach 14 40;11805;Kunde;Deutschland
raderplast Kunststoff-Innovationen;42477;Radevormwald;Feldmannshaus 4;11827;Kunde;Deutschland
RAFI GmbH & Co. KG;88276;Berg;Ravensburger Straße 128-134;11806;Kunde;Deutschland
RAPS - GEMEINNÜTZIGE WERKSTÄTTEN GMBH;51709;Marienheide;Lockenfeld 3;11834;Kunde;Deutschland
ratioparts GmbH;53881;Euskirchen;Barentsstraße 17;11807;Kunde;Deutschland
REB Richter Elektro GmbH & Co. KG;35216;Biedenkopf;Am Roten Stein 4a;11833;Kunde;Deutschland
"RECO Gesellschaft für
Industriefilterregelung mbH";53844;Troisdorf;Junkersring 11;11803;Kunde;Deutschland
"REICHHARDT GMBH
HOFGUT RINGELSHAUSEN";35410;HUNGEN;;10661;Kunde;Deutschland
"Reifenhäuser GmbH & Co. KG 
Maschinenfabrik";53844;Troisdorf;Spicher Straße 46;11801;Kunde;Deutschland
RESISTEC UPR d.o.o. & Co. k.d.;8311;Kostanjevica na Krki;Krska cesta 8;11804;Kunde;Slowenien
F. Reyher Nchfg. GmbH & Co. KG;22769;Hamburg;Haferweg 1;11810;Kunde;Deutschland
RICO GmbH &Co.KG;73230;Kirchheim/Teck;Stuttgarter Str.128;11830;Kunde;Deutschland
Rieter Automatic Winder GmbH;52525;Heinsberg;Karl-Arnold-Str. 34;11832;Kunde;Deutschland
Rieter China Textile Instruments Co., Ltd.;213022;Changzhou;"390 Hehai West Road
New District";11835;Kunde;China (Volksrepublik)
Rieter China Textile Instruments Co Ltd;213022;Changzhou;"390 Hehai West Road
New District";12490;Kunde;China (Volksrepublik)
"Rittal GmbH & Co.KG
Abt. Rechnungsprüfung";35703;Herborn;Postfach;11813;Kunde;Deutschland
"Rittal-RCS GmbH & Co. KG
Abt. Rechnungsrüfung";35703;HAIGER;Postfach;11821;Kunde;Deutschland
"RITTAL GmbH & Co. KG
Abt. Rechnungsprüfung";35726;Herborn;Postfach  1662;11814;Kunde;Deutschland
Rittal-BZK GmbH;07586;Bad Köstritz;Elsterstraße 83;11820;Kunde;Deutschland
Rittal RBK GmbH & Co. KG;07586;Bad Köstritz;Elsterstraße 83;11825;Kunde;Deutschland
Rittal SSB GmbH;57299;Burbach;Daimlerstraße 7 + 12;11819;Kunde;Deutschland
Rittal RSB GmbH & Co. KG;57299;Burbach;Daimlerstraße 12;11824;Kunde;Deutschland
"Rittal RGS
Großschaltschränke GmbH";35703;Dietzhölztal-Rittershausen;Postfach;11818;Kunde;Deutschland
"Rittal RCS Communication Systems Gm
KG";35703;Haiger;Postfach;11823;Kunde;Deutschland
Rittal RWG GmbH & Co. KG;35726;Herborn;Postfach 1662;11822;Kunde;Deutschland
"Rittal RSC System GmbH&Co.KG
Abt. Rechnungsprüfung";35703;Rennerod;Postfach;11817;Kunde;Deutschland
Rittal North America LLC;;Urbana OH 43078;1 Rittal Place;11815;Kunde;Vereinigte Staaten von Amerika
Ritz Instrument Transformers GmbH;56422;Wirges            L.-Nr.818456;Siemensstr. 2;12482;Kunde;Deutschland
RITTAL GmbH & Co. KG;35745;Herborn;Auf dem Stützelberg;11831;Kunde;Deutschland
Rittal Hof GmbH & Co. KG;56472;Hof;Industriestraße 24;11828;Kunde;Deutschland
"Rittal RKS 
Kleinschaltschränke GmbH";35708;Haiger;Rudolf-Loh-Straße 1;11829;Kunde;Deutschland
"Rittal RSC GmbH & Co. KG
Abt. Rechnungsprüfung";35703;Rennerod;Postfach;11816;Kunde;Deutschland
RKS-Equipment;40721;Hilden;Nikolaus-Otto-Str. 5;11826;Kunde;Deutschland
"ROBO
DR.Kussmaul GmbH";72666;NECKARTEILFINGEN;NECKARSTR. 10;11809;Kunde;Deutschland
ROKA-WERK GMBH;35799;Merenberg;Daimlerstrasse 4;11811;Kunde;Deutschland
"ROMMELSBACHER 
Elektro Hausgeräte GmbH";91550;Dinkelsbühl;Rudolf-Schmidt-Straße 18;11808;Kunde;Deutschland
ROTH + WEBER GmbH;57520;Niederdreisbach;Betzdorfer Straße;11812;Kunde;Deutschland
"ROWA
Labortechnische Anlagen GmbH";71294;Heimsheim;Postfach 1254;11800;Kunde;Deutschland
"ALFONS RÜSCHENBAUM GMBH
LEUCHTENZUBEHÖR";59757;ARNSBERG;TRIFT 26;11802;Kunde;Deutschland
S & S Electronic GmbH;08248;Klingenthal;Am Tannenbach 2;11917;Kunde;Deutschland
s.e.t. electronics GmbH;41068;Mönchengladbach;Waldnieler Straße 73;12022;Kunde;Deutschland
"SABO-Maschinenfabrik GmbH
A John Deere Company";51645;Gummersbach;Auf dem Höchsten 22;11915;Kunde;Deutschland
SÄBU Gransee GmbH;16775;Gransee;Am Gewerbepark 2;11929;Kunde;Deutschland
SÄBU Morsbach GmbH;51597;Morsbach-Schlechtingen;Zum Systembau 1;11921;Kunde;Deutschland
Saferoad Noise Protection GmbH & Co. KG;56414;Weroth;Bongard-und-Lind-Straße 1;11900;Kunde;Deutschland
SAIA-Burgess Halver GmbH;58543;Halver;POSTFACH 1353;10206;Kunde;Deutschland
"Saia Burgess Oldenburg
GmbH & Co. KG";26131;Oldenburg;Klaus-Grothen-Straße;11901;Kunde;Deutschland
ETL Sarx GmbH;57076;SIEGEN;Breite Straße 19;11911;Kunde;Deutschland
SAS Investment GmbH & Co. KG;57537;Wissen;Alte Hütte 3;12055;Kunde;Deutschland
Oerlikon Saurer Arbon AG;9320;Arbon;Textilstrasse 2;12023;Kunde;Schweiz
"Saurer Spinning Solutions
GmbH & Co.KG
Finance Shared Services";47804;Krefeld;Weeserweg 60;12020;Kunde;Deutschland
S.C. TRUS HORECA SERVICES srl;500053;Brasov;Str. Mica Nr. 5;12217;Kunde;Rumänien
Schreiber & Waffenschmidt;57258;Freudenberg;Auf der Hube 3;12100;Kunde;Deutschland
Hugo Schnippering GmbH & Co. KG;58566;KIERSPE;WALDHEIMSTRASSE 6a;12001;Kunde;Deutschland
SCHULTE-ELEKTROTECHNIK GMBH & CO.KG;58515;LÜDENSCHEID - HELLERSEN;JÜNGERSTR. 21;12202;Kunde;Deutschland
"Schlafhorst Zweigniederlassung 
der Saurer GmbH & Co. KG";41004;Mönchengladbach;Postfach 100435;12021;Kunde;Deutschland
"Rainer Schneider
Kabelsatzbau & Konfektion GmbH";57537;Wissen;Industriegebiet Alte Hütte;12030;Kunde;Deutschland
Schmidt Maschinenbau GmbH;51647;Gummersbach;Robert-Bosch-Straße 3;12050;Kunde;Deutschland
Schneider & Edl GmbH;57520;Steinebach/Sieg;Industriestraße 5;12040;Kunde;Deutschland
"SCHOLL Apparatebau
GmbH & Co.KG";56470;BAD MARIENBERG;ZINHAINER WEG 4;12010;Kunde;Deutschland
SCHOTTEL GmbH;56322;Spay;Mainzer Straße 99;12025;Kunde;Deutschland
Schu & Schneider GmbH;66606;St. Wendel;Weimarer Str. 10;11922;Kunde;Deutschland
Schunk Carbon Technology SRL;077125;Magurele / IF;Str. Atomistilor 45-49;12004;Kunde;Rumänien
Schütt GmbH & Co. KG;35756;Mittenaar-Ballersbach;Gewerbeparkring2;12045;Kunde;Deutschland
Schyns Medizintechnik GmbH;56130;Bad Ems;Pfingstwiese 1;12024;Kunde;Deutschland
Scuderia-eleven GmbH;51570;Windeck / Au;Bahnhofstraße 13;12002;Kunde;Deutschland
"SEHR Production e.K.
PRODUKTENTWICKLUNG";72818;TROCHTELFINGEN;GREHENBERGLESTR. 28;11905;Kunde;Deutschland
"Selectronic GmbH
Kondensatoren";77977;Rust;Postfach 11 11;11906;Kunde;Deutschland
"SETEX Schermuly
textile computer GmbH";35794;Mengerskirchen;Hauptstraße 23;11924;Kunde;Deutschland
Seuster KG;58513;Lüdenscheid;Tietmeckerweg 1;11914;Kunde;Deutschland
si-automation GmbH;57080;SIEGEN;Marienhütte 37;11902;Kunde;Deutschland
"Dieter Siepmann
Elektrotechnik";63697;Hirzenhain;Nidderstraße 10;11913;Kunde;Deutschland
Siemens AG;50823;Köln;Franz-Geuer-Straße 10;11904;Kunde;Deutschland
"SIEMENS AG
RD A&D Siegen
Herrn Jürgen Keller";57072;SIEGEN;Friedrichstrasse 60;11908;Kunde;Deutschland
"Siemens Electical Drives Ltd.
PD LD P MF-TSN BA SPR FILP";300384;TIANJIN;1, Hai Tai ChuangXIN 5 Road;10414;Kunde;China (Volksrepublik)
"Siemens Industry, Inc.
PD LD SPR US";GA30005;Alpharetta;100 Technology Drive;10415;Kunde;Vereinigte Staaten von Amerika
"SIEMENS Mobility GmbH 
MO RS TD MF-TFN FSC ELA:";47829;Krefeld;Duisburger Straße 145;10406;Kunde;Deutschland
SIEMENS Mobility GmbH;81739;München;Otto-Hahn-Ring 6;10420;Kunde;Deutschland
"Siemens Mobility GmbH
SMO RS C DCX PPD";91052;Erlangen;Siemenspromenade 5;10418;Kunde;Deutschland
"Siemens Mobility GmbH
SMO RS MF KRF IE";47829;Krefeld;"Duisburger Straße 145
18A/-/201";10417;Kunde;Deutschland
"Siemens Mobility GmbH
MO SCM II FSS";91052;Erlangen;Werner-von-Siemens-Straße 67;10416;Kunde;Deutschland
"SIEMENS  Mobility GmbH
MO RS TD MF-TFN FSC ELA:
OrgID A4051086";90441;Nürnberg;Vogelweiher Straße 1-15;10408;Kunde;Deutschland
S.I.M. Tec. GmbH;47506;Neunkirchen-Vluyn;Pascalstr. 25;11909;Kunde;Deutschland
"SIMO
Industrie-Montage";57537;Wissen;Alte Hütte 11;11910;Kunde;Deutschland
"SKV Spezial-Kabel-Vertrieb
Alfred Främke";58332;Schwelm;Martinstrasse 22;10530;Kunde;Deutschland
SMA Solar Technology AG;34265;Niestetal;Sonnenallee 1;11932;Kunde;Deutschland
SMS group GmbH;88213;Ravensburg;Zuppingerstraße 5;11918;Kunde;Deutschland
SODA GmbH;57074;Siegen;Hauptstraße 52;12051;Kunde;Deutschland
SOLAR im NORDEN GMBH;22850;Norderstedt;Kösliner Weg 5;11903;Kunde;Deutschland
SONNTAG Baugesellschaft mbH & Co.KG;56281;Dörth;Trinkbornstraße 21;11926;Kunde;Deutschland
SONTEC GmbH;57368;Lennestadt;Am Wasserfall 6;11916;Kunde;Deutschland
"Spelsberg Lichttechnik
GmbH & Co. KG";58579;Schalksmühle;Gewerbering 12;10641;Kunde;Deutschland
Thomas Spilker;35779;Merenberg;Sportplatzweg 15;12006;Kunde;Deutschland
"SPIE Buchmann GmbH
Niederlassung Illingen";66557;Illingen;Heusweilerstraße 90;12013;Kunde;Deutschland
SPIE SAG GmbH;56410;Montabaur;Am Alten Galgen 17;12012;Kunde;Deutschland
SR Industrieservice GmbH;56218;Mühlheim-Kärlich;Auf dem Hahnenberg 16;11919;Kunde;Deutschland
"Stadtfeld Elektotechnische
Fabrik GmbH & Co. KG";42493;Hückeswagen;Postfach 10 04 65;12005;Kunde;Deutschland
A. Staiger GmbH;72365;Ratshausen;Konrad-Buhmann-Straße 11;12011;Kunde;Deutschland
STAR ENGINEERING & ELECTRONICS GmbH;71063;Sindelfingen;Kolumbusstrasse 15;12003;Kunde;Deutschland
"Statistisches Landesamt
Rheinland-Pfalz";56130;Bad Ems;Mainzer Straße 14-16;12054;Kunde;Deutschland
STEEP GmbH;53005;Bonn;Postfach 1509;11907;Kunde;Deutschland
Fritz Stephan GmbH;56412;Gackenbach;Kirchstraße 19;11920;Kunde;Deutschland
Stolzenberg Gmbh;49028;Osnabrück;Postfach 3864;12007;Kunde;Deutschland
"Strunk Connect
automated solutions GmbH & Co. KG";57548;KIRCHEN-FREUSBURG;SIEGTALSTR. 20;12008;Kunde;Deutschland
STRÖHER Produktions GmbH&Co.KG;35683;Dillenburg;Ströherstraße 2-10;11930;Kunde;Deutschland
Struck Innovative Systeme GmbH;22399;Hamburg;Harksheider Str. 102;11925;Kunde;Deutschland
Stührenberg GmbH;32758;Detmold;Westerfeldstraße 3;11928;Kunde;Deutschland
SUMIDA Lehesten GmbH;07349;Lehesten;Georgstraße 8;12014;Kunde;Deutschland
Sunways AG;78467;Konstanz;Max-Stromeyer-Straße 160;12009;Kunde;Deutschland
"Havells SYLVANIA 
Lighting Belgium NV
INDUSTRIEPARK 13  SOLDATENPLEIN Z 2";3300;TIENEN  (Belgium);BTW - TVA BE421873289;11912;Kunde;Belgien
SYMPATRON GmbH;31275;Lehrte;Everner Straße 30;12052;Kunde;Deutschland
"SYNOVA
Metall- und Kunststofftechnik GmbH";36251;BAD HERSFELD;Fuldastraße 24;12402;Kunde;Deutschland
SysCom Automationstechnik GmbH;56470;Bad Marienberg;An der Lehmkaute 13;12053;Kunde;Deutschland
TEBA ELEKTRONIK GmbH;35753;Greifenstein-Nenderoth;Vorm Endstor 1;12203;Kunde;Deutschland
TEHALIT GmbH;66440;Blieskastel;Zum Gunterstal;12207;Kunde;Deutschland
Temposonics GmbH & Co. kG;58513;Lüdenscheid;Auf der Schüffel 9;11313;Kunde;Deutschland
Teupen Maschinenbau GmbH;48599;Gronau;Marie-Curie-Straße 13;12216;Kunde;Deutschland
"Theiling
Licht- und Objetkplanung";22851;Norderstedt (Glashütte);Böttgerstraße 43;12218;Kunde;Deutschland
Therm-O-Disc Europe BV;5652;BA Eindhoven;Rooijakkersstraat 3a;12205;Kunde;Niederlande
Thermokon Sensortechnik GmbH;35756;Mittenaar;Platanenweg 1;12211;Kunde;Deutschland
"THIELMANN KG
KABELWERK";35708;HAIGER;WESTERWALDSTR.;12200;Kunde;Deutschland
"ROBERT THOMAS
METALL- U. ELEKTROWERKE GMBH & CO.";57290;NEUNKIRCHEN/SIEGERL.;HELLERSTR. 6;12201;Kunde;Deutschland
THOMAS & UWE REINHARDT GBR;86720;Nördlingen;Flurstraße 3;12212;Kunde;Deutschland
Thomas Neufurth;57645;Nister;Holzwiese 11;10407;Kunde;Deutschland
"Tomingroep B.V.
Kerkelanden";1200;AD Hilversum;Postbus 194;12210;Kunde;Niederlande
Johnson Controls Deutschland GmbH;40880;Ratingen;Am Schimmersfeld 5-7;12213;Kunde;Deutschland
"Transporthubschrauberregiment 10
""LÜNEBURGER HEIDE""";29328;Faßberg;Fliegerhorst Faßberg;12220;Kunde;Deutschland
Trapeze-elgeba GmbH;53604;Bad Honnef;Heideweg 23;12214;Kunde;Deutschland
Tronic One GmbH;22761;Hamburg;Leverkusenstraße 3;12224;Kunde;Deutschland
TSUBAKI KABELSCHLEPP GmbH;57482;Wenden-Gerlingen;Daimlerstraße 2;12221;Kunde;Deutschland
TTC Timmler Technology GmbH;53881;Flamersheim;Christian-Schäfer-Straße 8;12208;Kunde;Deutschland
Tunstall GmbH;48291;Telgte;Orkotten 66;12215;Kunde;Deutschland
Türk + Hillinger GmbH;78603;Tuttlingen;Postfach 242;12204;Kunde;Deutschland
TV+S - Wurz GmbH;69242;Mühlhausen;Speyerer Straße 63;12478;Kunde;Deutschland
UB-IV Consult GmbH;61231;Bad Nauheim;Homburger Straße 67;12304;Kunde;Deutschland
UK Energietechnik GmbH;53819;Neunkirchen-Seelscheid;Schommerstückstraße 6;12305;Kunde;Deutschland
"FIRMA
UMO GMBH";57046;SIEGEN;POSTFACH 310354;12301;Kunde;Deutschland
UNION Fachgroßhandel;52068;Aachen;Lilienthalstraße;12303;Kunde;Deutschland
"Draka Cableteq WCA
USB-administration";4730;AA Oudenbosch;Postbox 31;12300;Kunde;Niederlande
Ushio Poland Sp. z o. o.;05-870;Blonie;Pass ul. Stefana Batorego 17;12306;Kunde;Polen
UTILUX Deutschland;42369;Wuppertal;Talsperrenstr. 66K;12302;Kunde;Deutschland
"Vanderlande Industries
 GmbH & Co. KG";57074;Siegen;Obere Leimbach 17;10219;Kunde;Deutschland
Vdq Business Solutions GmbH;57629;Atzelgift;Im Hohlgarten 20;12405;Kunde;Deutschland
VEIT GmbH;86899;Landsberg am Lech;Justus-von-Liebig-Straße 15;12406;Kunde;Deutschland
Verolme Elektra Systems;3144 CB;Maassluis;Elektraweg 5;12407;Kunde;Niederlande
VIDEOTON Holding Zrt.;8000;Székesfehérvár;Berényi út 72-100;12404;Kunde;Ungarn
"Vintagetools
Oliver Nauck";64546;Mörfelden;Gerauer Straße 58a;12401;Kunde;Deutschland
VKS Schiedam B.B.;3115;HB Schiedam;Admiraal de Ruyterstraat 18d;12408;Kunde;Niederlande
"voestalpine SIGNALING
Sainerholz GmbH";56244;Ötzingen – Sainerholz;Oberahrer Str. 9;12400;Kunde;Deutschland
Volkmann GmbH;47723;KREFELD;Weeserweg 60;12403;Kunde;Deutschland
Waak BW vzw;8520;Kuurne;Heirweg 125;12460;Kunde;Belgien
wallPen GmbH;57537;Wissen;Werkstraße 15;12461;Kunde;Deutschland
"Walther-Werke
Ferdinand Walther GmbH";67304;Eisenberg;Ramsener Straße 6;12462;Kunde;Deutschland
Richard Weber GmbH & Co. KG;35619;Braunfels-Altenkirchen;Obergasse 9;11797;Kunde;Deutschland
WEDECO UV-Light;45239;Essen;Ruhrtalstraße 85-93;12472;Kunde;Deutschland
WEETECH GmbH;97877;Wertheim;Hafenstraße 1;12465;Kunde;Deutschland
WEISE Maschinen GmbH;09376;Oelsnitz/Erzg.;Niederer Hofweg 2;12469;Kunde;Deutschland
Weiss Technik GmbH;35447;Reiskirchen;Greizer Straße 41-49;12467;Kunde;Deutschland
WELBILT Deutschland GmbH;35745;Herborn;Auf der Weih 11;12487;Kunde;Deutschland
"Karl Adolf Welsch
Apparatebau GmbH";57290;Neunkirchen;In der Au 19;12466;Kunde;Deutschland
Werner Oberheidt Industrieservice;57539;Breitscheidt;Lindenstrasse 9;11515;Kunde;Deutschland
"WESSO AG
Büro Bremen";28277;Bremen;Am Mohrenshof 14;12481;Kunde;Deutschland
WEVO GmbH;58363;Iserlohn;Karnacksweg 42;12479;Kunde;Deutschland
WEZEK GmbH;57520;Steinebach;Industriestraße 6;12485;Kunde;Deutschland
WILO SE;44263;DORTMUND;Wilopark 1;12473;Kunde;Deutschland
"Wilo Intec
50, Avenue Eugene Casella";;FRANKREICH;18700 AUBIGNY SUR NERE;12476;Kunde;Frankreich
WILO Pumps Limited;;LIMORICK ( IRELAND );Raheen Industrial Estate;12477;Kunde;Irland
"WILO SE
Werk Oschersleben";44236;Dortmund;Nortkirchenstrasse 100;12475;Kunde;Deutschland
WILO FRANCE S.A.S;53005;LAVAL Cédex;"Boulevard de l'Industrie
CS90527";12489;Kunde;Frankreich
Winter Fahrzeugtechnik GmbH;36124;Eichenzell;Am Kreuzacker 4;12480;Kunde;Deutschland
"WISKA
WISKA Hoppmann & Mulsow GmbH";24568;KALTENKIRCHEN;Kiesdorfer Weg 28;12474;Kunde;Deutschland
"WITEC Widerstandstechnik
GmbH & Co. KG";57489;Drolshagen;Märkische Str. 4;12483;Kunde;Deutschland
WOLF GmbH;32602;Vlotho-Exter;Industriestraße 15;12484;Kunde;Deutschland
Wolf Ergosysteme GmbH;57629;Linden;Steinebacher Ring 15;12488;Kunde;Deutschland
"Worldwide Systems
Christian Tetzner";56072;Koblenz;Maastrichter Ring 25;12486;Kunde;Deutschland
"Würth Industrie Service
GmbH & Co.KG";97980;Bad Mergentheim;Drillberg;12471;Kunde;Deutschland
Xylem Water Solutions Herford GmbH;32051;Herford;Boschstraße 4-14;11798;Kunde;Deutschland
ZF Active Safety GmbH;56070;Koblenz;Carl-Spaeter-Straße 8;12902;Kunde;Deutschland
ZF Automotive Germany GmbH;78315;Radolfzell am Bodensee;Fritz-Reichle-Ring 8-10;12905;Kunde;Deutschland
ZF Automotive Germany GmbH;78315;Radolfzell am Bodensee;Fritz-Reichle-Ring 8-10;12906;Kunde;Deutschland
ZF;73553;Alfdorf;Industriestraße 20;12904;Kunde;Deutschland
"Ziehl Mewa Rohrgestellbau 
und Beschlägefabrik GmbH";06618;Naumburg;Linsenberg 23;12903;Kunde;Deutschland
Zollner Kft.;2600;Vac;Deakvari fasor 16-18;12901;Kunde;Ungarn
Zoth GmbH & Co. KG;56479;Westernohe;Dr.-Walter-Zoth-Allee 1;12900;Kunde;Deutschland
Björn Braun;66780;Rehlingen;Südstr. 15;72717;Lieferant;Deutschland
"3D-Schmiede
Stefan Kandorfer";57520;Dickendorf;Kirchstraße 16;70011;Lieferant;Deutschland
AAC Kabelbearbeitungssysteme GmbH;42579;Heiligenhaus;Hauptstraße 262;72679;Lieferant;Deutschland
Adaptronic Prüftechnik GmbH;97877;Wertheim;Dörlesberg Ernsthof;70126;Lieferant;Deutschland
Adels-Contact GmbH & Co. KG;51469;Bergisch Gladbach;Buchholzstraße 40-46;70109;Lieferant;Deutschland
"AFB eSolutions GmbH & Co. KG
Elektrotools.de";35305;Grünberg;Robert-Bosch-Straße 2a;72609;Lieferant;Deutschland
"AGIP-Service Station
Hans-Werner Müller";57537;Wissen;Morsbacher Straße;71302;Lieferant;Deutschland
AIS GmbH;53783;Eitorf;Altebach 39;70105;Lieferant;Deutschland
AIV Kabelwerk GmbH;09474;Crottendorf;August-Bebel-Straße 231 C;70131;Lieferant;Deutschland
AkkuShop GmbH & Co. KG;71404;Korb;Im Riebeisen3;70161;Lieferant;Deutschland
AKM-Tore GmbH;56459;Langenhahn;Friedrich-Pfeiffer-Straße 2;70157;Lieferant;Deutschland
Alfa GmbH;73479;Ellwangen;Ferdinand-Porsche-Straße 10;70115;Lieferant;Deutschland
Alfons Rüschenbaum GmbH;59757;Arnsberg;Trift 25-26;71811;Lieferant;Deutschland
"Allianz AG
Matthias Balogh";57610;Altenkirchen;Wiedstr.1;70159;Lieferant;Deutschland
Amazon;;;;70160;Lieferant;
"ams-elektro.com
AMS e-commerce GmbH";07548;Gera;Scheubengrobsdorfer Straße 12;72612;Lieferant;Deutschland
"Andreas Nell
Autowerkstatt";57537;Wissen;Blähausstr. 4;71402;Lieferant;Deutschland
Angerer Hundt & Collegen GmbH;57076;Siegen;Bismarckstraße 22-24;70127;Lieferant;Deutschland
Aouna Versand GmbH;40593;Düsseldorf;Bücherstraße 21a;71352;Lieferant;Deutschland
Appenfelder GmbH;51674;Wiehl-Marienhagen;Zum Scherbusch 8;70123;Lieferant;Deutschland
APST service & trading;90478;Nürnberg;Burgerstraße 55;70125;Lieferant;Deutschland
Aquatuning GmbH;33758;Schloß Holte-Stukenbrock;Carl-Zeiss-Str. 2;72718;Lieferant;Deutschland
Arcus Kabelkonfektionierung GmbH;73760;Ostfildern;Karlsbader Straße 8;70112;Lieferant;Deutschland
Arrow Advantage Dortmund;63263;Neu-Isenburg;Frankfurter Straße 211;71908;Lieferant;Deutschland
ASR Electronic Wischermann & Müller;51491;Overath;Hohkeppeler Straße 31;70111;Lieferant;Deutschland
ASSA ABLOY ES Production s.r.o.;34901;Kostelec;Ostrov u Stribra 11;70133;Lieferant;Tschechien (Tschechische Republik)
ASSMANN Electronic GmbH;58513;Lüdenscheid;Auf dem Schüffel 3;70162;Lieferant;Deutschland
Atesi Elektrotechnik GmbH;57555;Mudersbach;Stahlwerkstraße 18a;70137;Lieferant;Deutschland
Athora Lebensversicherung AG;65173;Wiesbaden;;70136;Lieferant;Deutschland
ATM GmbH;57636;Mammelzen;Emil-Reinert-Straße 2;70129;Lieferant;Deutschland
Attentio GmbH;57627;Hachenburg;Bahnhofstraße 18;70113;Lieferant;Deutschland
Audi Zentrum Siegen;57074;Siegen;Leimbachstraße 165;70132;Lieferant;Deutschland
AUER GmbH;83123;Amerang;Am Kroit 25/27;72681;Lieferant;
AUTOHAUS BELL GMBH;;;;70213;Lieferant;Deutschland
Autohaus Fischbach GmbH & Co. KG;56472;Hof / WW;Industriestraße 5;70539;Lieferant;Deutschland
Autohaus Ortmann GmbH;57537;Wissen;Walzwerkstraße 5;71608;Lieferant;Deutschland
Autohaus Ramseger GmbH;57636;Mammelzen;Siegener Straße 81;71829;Lieferant;Deutschland
Autohaus Roth GmbH & Co. KG;57567;Daaden;Hachenburger Straße 46;71828;Lieferant;Deutschland
Automaten Martin GmbH & Co. KG;57584;Scheuerfeld;Bahnhofstraße 1;70114;Lieferant;Deutschland
Automobile Hakvoort GmbH;57610;Altenkirchen;Lisa-Meitner-Straße 9;70839;Lieferant;Deutschland
"Automotive-Service-Siegen
Inhaber Ludger Horzella";57072;Siegen;Rubensstraße 13;72697;Lieferant;Deutschland
Autozentrale Sturm GmbH;57610;Altenkirchen;Kölner Straße 60-66;72033;Lieferant;Deutschland
"AWB Abfallwirtschaftsbetrieb
Landkreis Altenkirchen";57610;Altenkirchen;;70135;Lieferant;Deutschland
AWM Weidner;70794;Filderstadt;Kettemerstr. 25;70121;Lieferant;Deutschland
AXA Versicherung AG;51067;Kölne;Colonia-Allee 10-20;70134;Lieferant;Deutschland
Bald Automobilgesellschaft mbH;57518;Betzdorf;Kölner Str. 166;71223;Lieferant;Deutschland
BALVER ZINN Josef Jost GmbH & Co.KG;58802;Balve;Blintroper Weg 11;70066;Lieferant;
"Tanja Baumgart
Komponentenbau";57556;Herdorf;Postfach 1180;70216;Lieferant;Deutschland
Bauelemente Seifer;57520;Steinebach/Sieg;Industriestraße 18;70239;Lieferant;Deutschland
BAUHAUS E-Business Gesellschaft für Bau- und Hausbedarf mbH & Co. KG;68167;Mannheim;Gutenbergstraße 21;72690;Lieferant;Deutschland
"baumatech.koeln
Maler und Lackierer Fachbetrieb";57537;Wissen;Bergfeld Straße 12;70241;Lieferant;Deutschland
Bedia Kabel GmbH & Co. KG;90518;Altdorf;"Gewerbepark an der A6
Im Eltert 1";70201;Lieferant;Deutschland
Beichler Kälte- und Klimatechnik;57520;Steinebach;Industriestraße 8-10;70222;Lieferant;Deutschland
BELLERSHEIM Abfallwirtschaft GmbH;57638;Neitersen;Rheinstraße 47.;70224;Lieferant;Deutschland
BERKER GMBH & CO. KG;66440;Blieskastel;Zum Gunterstal;70215;Lieferant;Deutschland
Bernstein AG;32457;Porta Westfalica;Tieloser Weg 6;70204;Lieferant;Deutschland
BG ETEM;50941;Köln;Postfach 510580;70812;Lieferant;Deutschland
"Bindfadenhaus en gros
Gustav Scharnau GmbH";16356;Werneuchen;Gewerbepark Oststraße 3;72028;Lieferant;Deutschland
"Biolandhof Schürdt
A.&K. Mockenhaupt GbR";57632;Schürdt;Mittelstraße 10;70816;Lieferant;Deutschland
BIT Bierther GmbH;53913;Swisttal-Heimerzheim;Dützhofer Straße 7;70205;Lieferant;Deutschland
BITO Lagertechnik Bittmann GmbH;55590;Meisenheim;Obertor 29;71222;Lieferant;Deutschland
BITO-Lagertechnik Bittmann GmbH;55590;Meisenheim;Obertor 29;72685;Lieferant;Deutschland
bits+bytes it-solutions GmbH & Co. KG;57258;Freudenberg;Hommeswiese 136;70223;Lieferant;Deutschland
BIW Isolierstoffe;58240;Ennepetal;Postfach 1115;70402;Lieferant;Deutschland
BKL Electronic Kreimendahl GmbH;58509;Lüdenscheid;Märkenstück 14;72673;Lieferant;Deutschland
Blau Stephan;68199;Mannheim;Rheintalbahnstraße 25;70207;Lieferant;Deutschland
BG Befestigungstechnik GbR;90552;Röthenbach a. d. Pegnitz;Mühllach 29;70246;Lieferant;Deutschland
BLS Bikeleasing-Service GmbH & Co. KG;37170;Uslar;Ernst-Reuter-Straße 2;70242;Lieferant;Deutschland
Blumen Leonards;57537;Wissen;Mittelstraße 6;71229;Lieferant;Deutschland
Bockmühl-Kabel GmbH & CO.KG;45527;Hattingen;Werkstr. 9;70203;Lieferant;Deutschland
Böhm Kabeltechnik GmbH;58638;Iserlohn;Hall-Straße 8;70221;Lieferant;Deutschland
Edgar Borrmann GmbH & Co. KG;35463;Fernwald-Annerod;Siemensstraße 2;70217;Lieferant;Deutschland
"Börsig GmbH
Vertriebsbüro Nord (VBN)";59494;Soest;Schüttweg 3;71224;Lieferant;
Böttcher AG;07751;Jena-Zöllnitz;Staddtrodaer Landstraße 1;70240;Lieferant;Deutschland
BRB-Lagertechnik GmbH;57482;Wenden-Gerlingen;Zum Eichstruck 3;70228;Lieferant;Deutschland
"Josef Brucherseifer
Baustoffzentrum GmbH";57537;Selbach;Kirchseifen 1-4;70235;Lieferant;Deutschland
"Bruchertseifer 
Transport + Logistik GmbH";57537;Wissen;Walzwerkstr. 24;70226;Lieferant;
Buchen GmbH;57462;Olpe;Raiffeisenstraße 15;70220;Lieferant;Deutschland
"Bosch Thermotechnik GmbH
Buderus deutschland";35576;Wetzlar;Sophienstr. 30 - 32;70225;Lieferant;Deutschland
Bund der Steuerzahler Rlp e.V.;55004;Mainz;Postfach 1445;70238;Lieferant;Deutschland
Bundesanzeiger Verlag GmbH;50735;Köln;Amsterdamer Straße 192;70237;Lieferant;Deutschland
Bürklin GmbH & Co. KG;82041;Oberhaching;Grünwalder Weg 30;70227;Lieferant;Deutschland
Büro Hoffmann;57537;Wissen;Rathausstrasse;70807;Lieferant;Deutschland
C-E-E Manufaktur GmbH;68519;Viernheim;Freidrich-Ebert-Straße 7;72677;Lieferant;Deutschland
C.E.L. S.p.A.;37045;S.Pietro Di Legnago (VR);Via Luigi Soave, 3-Z.I.;70312;Lieferant;Italien
cab Produkttechnik GmbH & Co. KG;76131;Karlsruhe;Wilhelm-Schickard-Straße 14;70317;Lieferant;Deutschland
Camozzi  Automation GmbH;73095;Albershausen;Porschestraße 1;70209;Lieferant;Deutschland
"Car Wash Center
Dmitri Schimpf";57537;Wissen;Walzwerkstraße 8b;70322;Lieferant;Deutschland
Carl Hanser Verlag GmbH & Co. KG;81679;München;Kolbergerstraße 22;70845;Lieferant;Deutschland
cba Metallverarbeitung e.K.;91183;Abenberg;Boschstraße 5;70218;Lieferant;Deutschland
Clean-Tec-Wissen;57537;Wissen;Im Kreuztal 94;70319;Lieferant;Deutschland
CODICO GmbH;2380;Perchtoldsdorf;Zwingenstrasse 6-8;72647;Lieferant;Österreich
Conrad Electronic GmbH;92240;Hirschau;Klaus-Conrad-Str. 1;70305;Lieferant;Deutschland
CONEC GmbH;59557;Lippstadt;Ostenfeldmark 16;70308;Lieferant;Deutschland
congstar Kundenservice;50678;Köln;Bayenwerft 12-14;70324;Lieferant;Deutschland
CONNECT GmbH;57578;Elkenroth;Hachenburger Straße 2;70321;Lieferant;Deutschland
Contorion GmbH;10969;Berlin;Friedrichstraße 224;72706;Lieferant;Deutschland
"Coroplast
FRITZ MÜLLER GmbH & Co. KG";42279;WUPPERTAL;Wittener Straße 271;70300;Lieferant;Deutschland
COREP;97497;Dingolshausen;Am Kirchrangen 17;70306;Lieferant;Deutschland
"CR GmbH Beschläge und mehr
Simons Voss";53804;Much;Kreuzkapelle 42;70320;Lieferant;Deutschland
"Creditreform Siegen
Ernst Hain KG";57072;Siegen;Markt 39-41;70314;Lieferant;Deutschland
"Dachser SE
Logistikzentrum Köln";51149;Köln;Hansestraße 52;70421;Lieferant;Deutschland
"DATEV eG
Rechnungswesen";90329;Nürnberg;;70422;Lieferant;Deutschland
DEKRA Certification GmbH;70565;Stuttgart;Handwerkstraße 15;70418;Lieferant;Deutschland
Deutsche Mechatronics GmbH;53894;Mechernich;Friedrich-Wilhelm-Straße 14;70415;Lieferant;Deutschland
"Deutscher Medien Verlag GmbH 
industrystock";03046;Cottbus;Rudolf Breitscheid Straße 1;70425;Lieferant;Deutschland
Dexion GmbH;35321;Laubach;Dexionstr. 1 - 5;70416;Lieferant;Deutschland
DHL Freight GmbH;74613;Öhringen;Leimengrube 9;70423;Lieferant;Deutschland
Die Reinigungszwerge;57537;Wissen;Marktstraße 8;71824;Lieferant;Deutschland
Digi-Key Corporation;56701;MN Thief River Falls;701 Brooks Ave. South;70419;Lieferant;Vereinigte Staaten von Amerika
Digital Charging Solutions GmbH;80807;München;Mies-van-der-Rohe-Straße 6;70427;Lieferant;Deutschland
DIN Media GmbH;10787;Berlin;Burggrafenstraße 6;70229;Lieferant;Deutschland
dissol GmbH;45472;Mülheim;Dessauer Strasse 83;70428;Lieferant;Deutschland
Distrelec Deutschland GmbH;28217;Bremen;Schellackstraße 1;72003;Lieferant;Deutschland
Diverse Lieferanten;;;;71699;Lieferant;Deutschland
Doepke Schaltgeräte GmbH;26506;Norden;Stellmacherstraße 11;70424;Lieferant;Deutschland
Domino Deutschland GmbH;55252;Mainz-Kastel;Lorenz-Schott-Straße 3;70067;Lieferant;
DPD Deutschland GmbH;57234;Wilnsdorf;Oberhausener Straße 9;70400;Lieferant;Deutschland
Druckerei Hachenburg GmbH;57627;Hachenburg;Saynstraße 18;70406;Lieferant;Deutschland
Paul Druseidt Elektrotechnische Spezialfabrik GmbH & Co. KG;42855;Remscheid;Neuenkamper Straße 105;72692;Lieferant;Deutschland
E-M-C-direct GmbH & Co. KG;46286;Dorsten;Salierweg 14;70558;Lieferant;Deutschland
Ebay;;;;70803;Lieferant;
Edcon Components  Netherlands C.V.;5913;AE Venlo;Kaldenkerkerweg 20;70530;Lieferant;Niederlande
"EJOT SE & Co. KG
Industrial Division";57319;Bad Berleburg;Im Herrengarten 1;70517;Lieferant;Deutschland
elcon electronic GmbH;37081;Göttingen;Anna-Vandenhoeck-Ring 9;72631;Lieferant;
Elektor-Verlag GmbH;52072;Aachen;Kackertstraße 10;70540;Lieferant;Deutschland
ELEKTRISOLA GmbH & Co. KG;51580;Reichshof-Eckenhagen;Zur Steinagger 3;70527;Lieferant;Deutschland
Elektronik 3000 GmbH;58640;Iserlohn;Langer Brauck 17;70802;Lieferant;Deutschland
ELPRESS GmbH;41748;Viersen;Kränkelsweg 24;70505;Lieferant;Deutschland
eltherm GmbH;57299;Burbach;Ernst-Heinkel-Straße 6-10;70501;Lieferant;Deutschland
"Electronics Marketing
Guido Jung";57537;Wissen;Ende 24;70510;Lieferant;Deutschland
"Emka Beschlagteile
GmbH & Co. KG";42551;Velbert 1;Langenberger Straße 32;70519;Lieferant;Deutschland
Engelbert Strauss GmbH & Co. KG;63599;Biebergemünd;Frankfurter Str. 98-102;72017;Lieferant;Deutschland
Erich Baumeister GmbH;48366;Laer;Borghorster Str. 31;70062;Lieferant;
Erwin Telle GmbH;90431;Nürnberg;Sigmundstraße 176;72203;Lieferant;Deutschland
Escha GmbH & Co. KG;58553;Halver;Oststraße 7;70507;Lieferant;Deutschland
ETB electronic;15838;Am Mellensee;Zossener Straße 27;70555;Lieferant;Deutschland
ETL Elektrogroßhandel Paul Schlegel GmbH;41065;Mönchengladbach;Rheydter Straße 198;71712;Lieferant;Deutschland
"ETL SommerPartner GmbH
Steuerberater";57076;Siegen;Bismarckstraße 22-24;71929;Lieferant;Deutschland
Eurowings - RatePAY GmbH;10587;Berlin;Franklinstraße 28-29;70536;Lieferant;Deutschland
EventPartner;57587;Birken-Honigsessen;Hauptstraße 86;70559;Lieferant;Deutschland
EVG Martens GmbH & Co. KG;41189;Mönchengladbach;Trompeterallee 244-246;70550;Lieferant;Deutschland
evocontec GmbH;51789;Lindlar;Schlosserstraße 13-15;70560;Lieferant;Deutschland
expert e-Commerce GmbH;30855;Langenhagen;Bayernstr. 4;72684;Lieferant;Deutschland
Klaus Faber AG;66113;Saarbrücken;Europaallee 33;70525;Lieferant;Deutschland
"FAF Kunststofftechnik
GmbH & Co. KG";41836;Hückelhoven;Wankelstraße 1;70524;Lieferant;Deutschland
"Fahnen Herold
Wilhelm Frauenhoff GmbH & Co. KG";42389;Wuppertal;In der Fleute 81-89;70600;Lieferant;Deutschland
Farnell GmbH;85609;Aschheim;Karl-Hammerschmidt-Straße 38;70601;Lieferant;Deutschland
"Gutekunst + Co.KG
Federnfabriken";72555;Metzingen;Carl-Zeiss-Straße 15;70247;Lieferant;Deutschland
Feig Electronic GmbH;35781;Weilburg;Industriestraße 1a;70513;Lieferant;Deutschland
FELDER GmbH Löttechnik;46047;Oberhausen;Im Lipperfeld11;70535;Lieferant;Deutschland
Festo Vertrieb GmbH & Co. KG;73734;Esslingen;Festo Campus 1;72627;Lieferant;Deutschland
FiloSalaire GmbH;57076;Siegen;Bäckerstraße 4-6;70532;Lieferant;Deutschland
Fischer Landtechnik GmbH;57612;Kroppach;Gewerbestraße 3;70548;Lieferant;Deutschland
FJH die Steckverbinder GmbH;55286;Wörrstadt;Hinter dem Turm 7;70602;Lieferant;Deutschland
"Franz Binder GmbH & Co. elektrische
Bauelemente KG";74172;Neckarsulm;Rötelstr. 27;70231;Lieferant;Deutschland
Fremdfertigung Flachband;57581;Katzwinkel;Goldenbock 5;77001;Lieferant;Deutschland
Fremdfertigung Interface;57581;Katzwinkel;Alte Schulstrasse 17;77000;Lieferant;
Friedrich Lütze GmbH;71384;Weinstadt (Großheppach);Bruckwiesenstrasse 17-19;71228;Lieferant;Deutschland
Fuchs Personal GmbH;57610;Altenkirchen;Kölner Straße 23;70603;Lieferant;Deutschland
Funduino GmbH;48529;Nordhorn;Bornestraße 22;70252;Lieferant;Deutschland
Future Electronics;85609;Aschheim-Dornach;Max-Planck-Str. 3;72608;Lieferant;Deutschland
Gabelstapler-Center Kamen;59174;Kamen;An der Seseke 30;70711;Lieferant;
"FIRMA GÄFGEN GMBH
ELEKTOGROßHANDEL";57648;UNNAU-KORB/WW.;Grenzweg 3;70701;Lieferant;Deutschland
Gebr. Binder GmbH;89189;Neenstetten;Eisental 4;70210;Lieferant;Deutschland
Gerhard Buchen GmbH;57537;Wissen;Koblenzer Straße 60;70206;Lieferant;Deutschland
"GfA-GmbH & Co. KG
Gesellschaft für Antriebstechnik";40549;Düsseldorf;Wiesenstraße 81;70702;Lieferant;Deutschland
GKN Sinter Metals Components GmbH;53177;Bonn;Pennefeldsweg 11-15;72635;Lieferant;Deutschland
Glas Krüger GmbH;57577;Hamm/Sieg;Seelbacher Straße 11;70717;Lieferant;Deutschland
Gödde GmbH;50739;Köln;Robert-Perthel-Straße 57-59;70713;Lieferant;
GranDios GmbH;57539;Fürthen;Mühlenstraße 8;70716;Lieferant;Deutschland
GREMCO GMBH;86165;AUGSBURG;Sterzingerstr. 6;70710;Lieferant;Deutschland
GTE Industrieelektronik GmbH;41747;Viersen;Helmholtzstraße 21;70704;Lieferant;Deutschland
GTV Verschleißschutz GmbH;57629;Luckenbach;Vor der Neuwiese 7;72629;Lieferant;
Gutmann Kabel GmbH & Co. KG;91781;Weißenburg i. Bay.;Lehenwiesenweg 1-5;70715;Lieferant;Deutschland
H. Hermann Ehlers GmbH;28876;Oyten;An der Autobahn 45;72670;Lieferant;Deutschland
Hänel GmbH & Co. KG;74177;Bad Friedrichshall;Kocherwaldstraße 25;70834;Lieferant;Deutschland
Hanovia Limited;SL1 4LA;Slough;780 Buckingham Avenue;72671;Lieferant;Großbritannien und Nordirland
Hanse Vorsorgemanagement e.V.;22453;Hamburg;Borsteler Chaussee 55;70844;Lieferant;Deutschland
Harting Deutschland GmbH & Co KG;32427;Minden;Simeonscarre 1;70790;Lieferant;Deutschland
Haufe Service Center GmbH;79120;Freiburg;Postfach 10 01 21;70833;Lieferant;Deutschland
Hauptzollamt Ulm;89012;Ulm;Postfach 2269;70847;Lieferant;Deutschland
"HAWA
Hans Wagner GmbH";96358;Reichenbach;Brunnenstraße 2;70795;Lieferant;Deutschland
Heilind Electronics GmbH;83052;Bruckmühl;Robert-Bosch-Straße 1;70838;Lieferant;Deutschland
Helukabel GmbH;71282;Hemmingen / Stuttgart;Schlosshaldenstraße 10;70829;Lieferant;Deutschland
HELLERMANN TYTON GMBH & Co. KG;25436;Tornesch;Großer Moorweg 45;70800;Lieferant;Deutschland
HeLo - Electronic GmbH;79713;Bad Säckingen Wallbach;Hauptstraße 48-52;70810;Lieferant;Deutschland
HENRI electronic GmbH;73441;Bopfingen;Am Stadtgraben 11;70848;Lieferant;Deutschland
hera Laborsysteme GmbH;74572;Blaufelden;Hermann-Rapp-Straße 40;70843;Lieferant;Deutschland
"Herth+Buss Fahrzeugteile GmbH & Co.
GmbH & Co. KG";63150;Heusenstamm;Dieselstraße 2-4;70814;Lieferant;Deutschland
HEW-KABEL GmbH;51688;WIPPERFÜRTH;Klingsiepen 12;70801;Lieferant;Deutschland
HeWa GbR;57580;Gebhardshain;Industriestraße 9;70811;Lieferant;Deutschland
Hilpress GmbH;22339;Hamburg;Grützmühlenweg 40;70831;Lieferant;Deutschland
HIMMEL Antriebstechnik GmbH & Co.KG;48712;Gescher;Venneweg 28;71319;Lieferant;Deutschland
HIPO Systems GmbH;57548;Kirchen (Sieg);Auf dem Molzberg 2;70842;Lieferant;Deutschland
"HS United European Connectors
Gmb& Co. KG";92283;Lauterhofen;Hohe Birke 6;72002;Lieferant;Deutschland
Hyundai Leasing;82049;Pullach;Dr.-Carl-von-Linde-Straße 2;70846;Lieferant;Deutschland
"HZH Zurr- und Hebetechnik
Maik Hartmann";57290;Neunkirchen;Heinrichsglück 1;72641;Lieferant;Deutschland
IBF GmbH;57258;Freundenberg;Bruchstraße 22-24;70906;Lieferant;Deutschland
IBF Ingenieurbüro;45665;Recklinghausen;Hufschmiedstraße 17;70908;Lieferant;Deutschland
Ideen aus Stahl - Dirk John;57639;Rodenbach;Gewerbegebiet 1;70924;Lieferant;Deutschland
igus GmbH;51147;Köln;Spicherstraße 1a;70902;Lieferant;Deutschland
IHK Koblenz;56068;Koblenz;Schlossstraße 2;70922;Lieferant;Deutschland
ikt Gromnitza GmbH & Co. KG;57518;Betzdorf;Kirchener Straße 12;70925;Lieferant;Deutschland
ILME GmbH;51674;Wiehl;Max-Plank-Straße 12;70905;Lieferant;Deutschland
Industrie-Pensions-Verein e.V.;10117;Berlin;Niederwallstraße 10;70920;Lieferant;Deutschland
Ing. Büro Scholz;51688;Wipperfürth;Im Siebenborn 80;72016;Lieferant;Deutschland
Inno Heege GmbH & Co. KG;56761;Düngenheim;Bärenacker 19;70918;Lieferant;Deutschland
IQM TOOLS GmbH;78054;VS-Schwenningen;Grabenäckerstr. 38;70923;Lieferant;Deutschland
ISK GmbH;53783;Eitorf;Altebach 39;70921;Lieferant;Deutschland
"ISO-ELEKTRA 
Elektrochemische Fabrik GmbH";31008;Elze;Im Mühlenfeld 5;72667;Lieferant;Deutschland
ITC Thermo Cable GmbH;22851;Norderstedt;Hans-Böckler-Ring 19;70907;Lieferant;Deutschland
IVECO West Nutzfahrzeuge GmbH;57258;Freudenberg;An der Autobahn 25-33;70926;Lieferant;
J. &  H. Klöckner GmbH;57647;Nistertal;Finkenstraße 9;71125;Lieferant;Deutschland
Jacob GmbH Elektrotechnische Fabrik;71394;Kernen;Gottlieb-Daimler-Str. 11;72621;Lieferant;Deutschland
Hans Jiricek GmbH;78187;Geisingen/Donau;Am Roten Kreuz 8;70910;Lieferant;Deutschland
JITEX Elektrovertrieb GmbH;45721;Haltern am See;Annabergstraße 120;70911;Lieferant;Deutschland
JO.SCH Werbung;57537;Wissen;Koblenzer Straße 64;70915;Lieferant;Deutschland
Johnson Controls Deutschland GmbH;40880;Ratingen;Am Schimmersfeld 5-7;70251;Lieferant;
K+B electronic systems GmbH;76887;Bad Bergzabern;Kapeller Straße 29;71117;Lieferant;Deutschland
"KA-WERK
Marketing & Digitales";57555;Brachbach;Industriestraße 26-28;71136;Lieferant;Deutschland
Kaffee-Partner GmbH;49134;Wallenhorst;Robert-Bosch-Straße 2;71124;Lieferant;Deutschland
KAISER GmbH & Co. KG;58579;Schalksmühle;Ramsloh 4;72630;Lieferant;Deutschland
Kamptmann GmbH;74564;Crailsheim;Friedrich-Heyking-Straße 2;71000;Lieferant;Deutschland
"Karnevalsgesellschaft
""Rot-Weiss"" Malberg 1934 e.V.";57629;Malberg;Poststraße 16;71135;Lieferant;Deutschland
KBE Elektrotechnik GmbH;12279;Berlin;Symeonstraße 8;71121;Lieferant;Deutschland
KELLER&KALMBACH GmbH;41468;Neuss;Hansemannstraße 65;72509;Lieferant;Deutschland
KenPro GmbH;61130;Nidderau;Philipp-Reis-Str. 17;72610;Lieferant;Deutschland
Kessler QMP GmbH;57520;Friedewald;Nisterberger Weg 16;71126;Lieferant;
KEYENCE DEUTSCHLAND GmbH;63263;Neu-Isenburg;Siemensstr. 1;71134;Lieferant;Deutschland
Klasing Kabel GmbH;85095;Denkendorf;Germanenstraße 1;71102;Lieferant;Deutschland
KLEUSBERG GmbH & Co. KG;57537;Wissen;Wisserhof;72711;Lieferant;Deutschland
Kölner Spezial Beratungs-GmbH;51067;Köln;Colonia-Allee 10-20;71131;Lieferant;Deutschland
"Komax Kabelverarbeitungsmaschinen
Deutschland GmbH";90449;Nürnberg;Willstätterstr. 95;71109;Lieferant;Deutschland
Komax SLE GmbH & Co. KG;94481;Grafenau;Technopark 4;72702;Lieferant;Deutschland
KombiTec GmbH;87488;Betzigau;An der Römerstraße 1;72716;Lieferant;Deutschland
Konradi GmbH;51503;Rösrath;Sonnenhof 6;71128;Lieferant;Deutschland
Kons GmbH;51580;Reichshof - Brüchermühle;Am Dreieck 11;70095;Lieferant;
"NORBERT KORDES
Kabel und Leitungen GmbH & Co. KG";37170;Uslar;Bleichstraße 63;71116;Lieferant;Deutschland
"Kötting GmbH
Crimp-, Anschlag- und Verb.-technik
Inh. Andreas Berg";57537;WISSEN;"IND.GEB. ""ALTE HÜTTE""";71105;Lieferant;Deutschland
KRAH Elektronische Bauelemente GmbH;57489;DROLSHAGEN;MÄRKISCHE STR. 4;71107;Lieferant;Deutschland
Kreit Bedachungen;57537;Wissen;Koblenzer Straße 58;71132;Lieferant;Deutschland
KTK GmbH & Co. KG;91489;Wilhelmsdorf;Gewerbestrasse 10;71118;Lieferant;Deutschland
Kühne + Nagel (AG & Co.) KG;35708;Haiger;Hansastraße 10;71130;Lieferant;Deutschland
Kuschmann Kabeltechnik;58566;Kierspe;Linckestrasse 15;71119;Lieferant;Deutschland
Labeldiscounter GmbH;48683;Alstätten;Gronauerstraße 21;71237;Lieferant;Deutschland
Labelident GmbH;97424;Schweinfurt;Parisstraße 5;71230;Lieferant;Deutschland
"LADD Distribution EMEA
TE Connectivity Germany GmbH";85551;Heimstetten;Marsstraße 6;71217;Lieferant;Deutschland
Lapp-Kabel GmbH & Co. KG;70565;Stuttgart;Schulze-Delitzsch-Straße 25;71201;Lieferant;Deutschland
Laserline GmbH;56218;Mühlheim-Kärlich;Fraunhofer Strasse;71219;Lieferant;Deutschland
"LAT
Lötfreie Anschlag-Technik 
GmbH & Co. KG";89567;Sontheim/Brenz;Grenzweg 19;71203;Lieferant;Deutschland
Leib Industrieausrüstung GmbH;35435;Wettenberg-Launsbach;Herrngarten 12;71214;Lieferant;Deutschland
Lesora GmbH;79111;Freiburg;Bötzinger Straße 48;71238;Lieferant;Deutschland
LGV Electronic Distribution und Vertriebs GmbH;65439;Flörsheim am Main;Schieferstein 6;72696;Lieferant;Deutschland
LichtBlick SE;20097;Hamburg;Klostertor 1;71236;Lieferant;Deutschland
LINUS WITTICH Medien KG;56203;Höhr-Grenzhausen;Rheinstraße 41;71239;Lieferant;Deutschland
"Lions Hilfswerk Westerwald e.V.
Schatzmeister Andreas Kind";57647;Nistertal;Hornisterstraße 8;71232;Lieferant;Deutschland
Liquisign oHG;57518;Betzdorf;Friedrichstraße 77;71227;Lieferant;Deutschland
Logatech d.o.o.;40312;Strigova;Jalsovec 9/c;71234;Lieferant;Kroatien
Lohr Gebäudereinigung GmbH & Co. KG;57548;Kirchen;Koblenz-Olper-Straße 67;71235;Lieferant;Deutschland
LÜCK Elektrosysteme GmbH;57562;HERDORF;WOLFSWEG 28;71202;Lieferant;Deutschland
Lüdenbach-GmbH;53783;Eitorf;Altebach 21;70074;Lieferant;
Lumberg Connect  GmbH;58579;Schalksmühle;Im Gewerbepark 2;71206;Lieferant;Deutschland
M.Ex.T. Germany GmbH;45131;Essen;Sylviastraße 21;71351;Lieferant;Deutschland
Marquardt GmbH;78583;Böttingen;Spaichinger Weg 1;71305;Lieferant;Deutschland
Maschinenbau Kitz GmbH;53844;Troisdorf;Ampérestraße 18;71358;Lieferant;Deutschland
Mayweg GmbH;58553;Halver;Kruppstraße 16;71314;Lieferant;Deutschland
MC Technologies GmbH;30179;Hannover;Kabelkamp 2;71330;Lieferant;Deutschland
MEDI Kabel GmbH;84478;Waldkraiburg;Daimlerstraße 47;71307;Lieferant;Deutschland
"MENNEKES Elektrotechnik GmbH & Co. 
Spezialfabrik für Steckvorrichtunge";57399;Kirchhundem;Siegener Str. 3 - 5;71344;Lieferant;Deutschland
Mercateo Deutschland AG;06366;Köthen;Museumsgasse 4-5;72619;Lieferant;Deutschland
"Mertens und Schneider
Automatisierungstechnik GmbH";57578;Elkenroth;Alsdorfer Weg 11;71323;Lieferant;Deutschland
Metrofunkkabel-Union GmbH;12277;Berlin;Motzener Str. 12;71313;Lieferant;Deutschland
"Metzler GmbH
Container-Service";57612;Kroppach;Gewerbestraße 14;71349;Lieferant;Deutschland
Micro to Nano BV;2031;Haarlem;Tappersweg 91;72689;Lieferant;Niederlande
microdata-beratungs-GmbH;41462;Neuss;Venloer Str. 125;71317;Lieferant;Deutschland
"micronetics
Vertriebsgesellschaft
electronischer Bauelemente und Systeme mbH";71272;Renningen;Dieselstraße 12;72624;Lieferant;Deutschland
Microsoft Ireland Operations Ltd;D18P521;Dublin;"One Microsoft Place
South County Business Park";72687;Lieferant;Irland
Miotti Rappresentanze S.r.l.;36100;Vicenza;Viale del Lavoro 22;71348;Lieferant;Italien
Misch Gartenkultur;57612;Kroppach;Gewerbestraße 9;71356;Lieferant;Deutschland
MiSUMi Europa GmbH;60486;Frankfurt/Main;Franklinstraße 61-63;71354;Lieferant;Deutschland
Mockenhaupt Elektrotechnik;57537;Wissen;Alsenstraße 15;71331;Lieferant;
Moog Rekofa GmbH;53533;Antweiler;Bergstraße 41;71294;Lieferant;Deutschland
Moritz Tief- und Straßenbau;57520;Neunkausen;Industriestraße 8;71357;Lieferant;Deutschland
Mouser Electronics;80687;München;Elsenheimerstraße 11;71329;Lieferant;Deutschland
"Mufer
Inh. Michael Ufer";57580;Fensdorf;Tannenhof 1;71355;Lieferant;Deutschland
MÜLLER-PLASTIK;51688;Wipperfürth-Kupferberg;Alte Bahnhofstraße 21;70042;Lieferant;Deutschland
MULTI-BOX GmbH;32278;Kirchlengern;Wallücker Bahndamm 7;71345;Lieferant;Deutschland
Murrelektronik GmbH;71567;Oppenweiler;Postfach 1165;71332;Lieferant;Deutschland
"Murrplastik
Systemtechnik GmbH";71570;Oppenweiler;Dieselstraße 10;71312;Lieferant;Deutschland
MÜTRON Müller GmbH & Co. KG;28832;Achim;Theodor-Barth-Straße 30;72625;Lieferant;Deutschland
MVT Verpackungstechnik GmbH;57612;Bhf.-Ingelbach;Kölner Straße 11;71309;Lieferant;Deutschland
netgo Mitte GmbH;57258;Freudenberg;Hommeswiese 136;71353;Lieferant;Deutschland
NIES electronic GmbH;60388;Frankfurt;Edisonstrasse 7;71320;Lieferant;Deutschland
NMB-Minebea-GmbH;63225;Langen;Siemensstraße 30;71339;Lieferant;Deutschland
Notar Dr. Joel Reyes y Rafales;57537;Wissen;Steinbuschstraße 10;71297;Lieferant;Deutschland
notebooksbilliger.de AG;31157;Sarstedt;Wiedemannstraße 3;72683;Lieferant;Deutschland
"Novoplast
Schlauchtechnik GmbH";38820;Halberstadt;In den langen Stücken 6;71336;Lieferant;Deutschland
Novopress GmbH & Co. KG;41460;Neuss;Scharnhorststraße 1;71296;Lieferant;Deutschland
"Nowak Druck-und Profiltechnik
GmbH & Co. KG";57482;Wenden;Zum Eichstruck 9;71340;Lieferant;Deutschland
O. Neubauer;57537;Wissen;Blähaustraße 2;72698;Lieferant;Deutschland
Omerin GmbH;65510;Idstein;Buchwiese 16;71600;Lieferant;Deutschland
OnlineComponents.com;AZ 85034;Phoenix;2425 South 21st Street;72688;Lieferant;Vereinigte Staaten von Amerika
Michael Orlik GmbH;57562;Herdorf;Hauptstraße 40;71604;Lieferant;Deutschland
"Parker Hannifin GmbH
Vertriebs-und Service Zentrale";41564;Kaarst;Pat-parker-Platz 1;70301;Lieferant;Deutschland
Partyservice Heuser;51597;Morsbach;Römerstraße 15;71730;Lieferant;Deutschland
Pflanzenhof Schürg GmbH;57537;Wissen;Pirzenthaler Straße 14;71707;Lieferant;Deutschland
Pflitsch GmbH & Co. KG;42499;Hückeswagen;Ernst-Pflitsch-Straße 1 - Nord 1;71703;Lieferant;Deutschland
PHOENIX CONTACT Deutschland GmbH;32825;32825 Blomberg;Flachsmarktstraße 8;71702;Lieferant;Deutschland
Nordic Panel GmbH;21684;Stade;Ohle Kamp 5;70248;Lieferant;Deutschland
Power Connector Siebeneicher GmbH;22143;Hamburg;Rahlstedter Grenzweg 11;72705;Lieferant;Deutschland
PPT GmbH & Co. KG;79100;Freiburg;Basler Straße 65;71729;Lieferant;Deutschland
Philip Pracht Lighting GmbH;35320;Dautphetal-Buchenau;Postfach 58;71721;Lieferant;Deutschland
Prechter + Renner GmbH;71299;Wimsheim;Siemensstraße 2;72651;Lieferant;Deutschland
ProContain GmbH;01640;Coswig;Köhlerstraße 1-3;71725;Lieferant;Deutschland
"PROCONTEC
Technische Entwicklungs- und Vertriebs-GmbH";83368;St.Georgen;Irsinger Str. 27;72691;Lieferant;Deutschland
PROFISHOP GmbH;28217;Bremen;Am Speicher XI Abt. 3;72614;Lieferant;Deutschland
PRONET GmbH;63110;Rodgau;Otto-Hahn-Straße 2a;71708;Lieferant;Deutschland
Propan Rheingas GmbH & Co. KG;50321;Brühl;Fischenicher Straße 23;71714;Lieferant;Deutschland
ProTec Industriebedarf GmbH;52146;Würselen;Neustraße 26;71719;Lieferant;Deutschland
PSVaG;50963;Köln;Edmund-Rumpler-Straße 4;71728;Lieferant;Deutschland
PTR HARTMANN GmbH;59368;Werne;Gewerbehof 38;71716;Lieferant;Deutschland
Pulsotronic GmbH;09366;Niederdorf;Neue Schichtstraße 14;72714;Lieferant;Deutschland
Karl Püplichhuisen GmbH & Co. KG;47010;Duisburg;Postfach 101063;71710;Lieferant;Deutschland
"Putty + Gausmann GmbH
Industrievertretung CDH";49084;Osnabrück;Kiebitzheide 39;71717;Lieferant;Deutschland
PV Automotive Siegen;57080;Siegen;Eiserfelder Straße 236;70836;Lieferant;Deutschland
PWM GmbH & Co. KG;51702;BERGNEUSTADT;KÖLNERSTR. 120;71723;Lieferant;Deutschland
Raiffeisenmarkt eG;57580;Gebhardshain;Raiffeisenstraße 22;71812;Lieferant;Deutschland
RCW-Fahrzeugtechnik;57537;Wissen;Walzwerkstraße 11;71823;Lieferant;Deutschland
reichelt elektronik GmbH & Co. KG;26452;Sande;Elektronikring 1;71818;Lieferant;Deutschland
Reidl GmbH & Co. KG;94116;Hutthurm;Kringeller Straße 80;72645;Lieferant;Deutschland
REIKU GmbH;51674;Wiehl-Bomig;Robert-Bosch-Strasse 3;71820;Lieferant;Deutschland
Reiner Winters GmbH;57537;Wissen;Wiesenstraße 11;71822;Lieferant;Deutschland
REMONDIS Mittelrhein Gmbh;56645;Nickenich;Auf dem Teich 14;71821;Lieferant;Deutschland
Druckerei Renner;51580;Reichshof-Drespe;Steinkamp 11;71815;Lieferant;Deutschland
Rexel Germany GmbH & Co. KG;80339;München;Ridlerstr. 57;72615;Lieferant;Deutschland
rgr Kabel GmbH & Co. KG;78628;Rottweil-Neufra;Stuttgarter Straße 54;71825;Lieferant;Deutschland
Rieter Automatic Winder GmbH;52525;Heinsberg;Karl-Arnold-Str. 34;71826;Lieferant;Deutschland
Rödders Handelsgesellschaft;57537;Wissen;Lerchenstraße 8;71827;Lieferant;Deutschland
Röhrig Recycling GmbH & Co. KG;57610;Altenkirchen;Koblenzer Straße 8a;71819;Lieferant;Deutschland
"Herbert Rosenbaum
Zeichentechnik";45307;Essen;Am Zehnthof 52;71805;Lieferant;Deutschland
Rossmann Online GmbH;30938;Burgwedel;Isernhägener Straße 16;71813;Lieferant;Deutschland
RS Components GmbH;64546;Mörfelden-Walldorf;Hessenring 13b;71806;Lieferant;Deutschland
Ruby Hotel GmbH;80335;München;Seidlstraße 5;71831;Lieferant;Deutschland
s.o.!lutions GmbH;57076;Siegen;Bismarckstraße 22-24;72040;Lieferant;Deutschland
SAB Bröckskes GmbH&Co.KG;41749;Viersen;Grefrather Str. 204-212B;70010;Lieferant;Deutschland
Sahlberg GmbH;85622;Feldkirchen/München;Friedrich-Schüle-Straße 20;72650;Lieferant;Deutschland
SalesViewer GmbH;44789;Bochum;Universitätsstraße 60;72695;Lieferant;Deutschland
Sangel Systemtechnik GmbH;33719;Bielefeld;Bechterdisser Straße 67;70013;Lieferant;Deutschland
ETL SARX GMBH;57076;SIEGEN;Breite Straße 19;71900;Lieferant;Deutschland
SAS Investment GmbH & Co. KG;57537;Wissen;Alte Hütte 3;72038;Lieferant;Deutschland
"Saurer Spinning Solutions
GmbH & Co.KG";52531;Übach-Palenberg;Carlstrasse 60;72011;Lieferant;Deutschland
"Rainer Schneider
Kabelsatzbau & Konfektion GmbH";57537;Wissen;Industriegebiet Alte Hütte;72014;Lieferant;Deutschland
Schaeffer AG;12277;Berlin;Nahmitzer Damm 32;72035;Lieferant;Deutschland
Schäfer, Bernhard GmbH;76669;Bad Schönborn;Dr. Alfred-Weckesser-Str. 6;72005;Lieferant;Deutschland
Schäfer's Florales;57537;Wissen;Weststraße 2;72036;Lieferant;Deutschland
"Schenker Deutschland AG
Ocean Import";56070;Koblenz;Fritz-Ludwig-Straße 11;72032;Lieferant;Deutschland
Scherenmanufaktur PAUL GmbH;21698;Harsefeld;Hoopweg 7;71727;Lieferant;Deutschland
Schildermaxe GmbH;40789;Monheim am Rhein;Rheinpromenade 4a;72672;Lieferant;Deutschland
"Christoph Schirk
Feinmechaniker Meister";48268;Greven;Pickstiege 5;72043;Lieferant;Deutschland
Georg Schlegel GmbH & Co. KG;88525;Dürmentingen;Kapellenweg 4;72019;Lieferant;Deutschland
Schleuniger GmbH;75242;Neuhausen-Enzkreis;Hesselbachstrasse 13;70016;Lieferant;Deutschland
Schleuniger GmbH;42477;Radevormwald;Raiffeisenstraße 14;72015;Lieferant;Deutschland
K.A. Schmersal GmbH & Co. KG;42279;Wuppertal;Möddinghofe 30;72632;Lieferant;Deutschland
Schmidt, Robert;57537;Wissen;Buschkamp 5;72001;Lieferant;
Schmitztechnik GmbH;41189;Mönchengladbach;Am Ringofen 24;72007;Lieferant;Deutschland
Schneider & Gemsa GmbH;76473;Iffezheim;Nordring 5-7;72648;Lieferant;Deutschland
Schönauer Personalservice e.K.;57482;Wenden;Hauptstraße 66;72022;Lieferant;Deutschland
Schraubenhandel Machholz Nchfg. GmbH;97078;Würzburg;Versbacherstraße 229;72643;Lieferant;Deutschland
Schultes Nachf. GmbH;57074;Siegen;Obere Leimbach 7;72009;Lieferant;Deutschland
Schwabauer;57537;Wissen;Am Biesem 15;72037;Lieferant;Deutschland
SE Sensor Electric e.K.;53721;Siegburg;Hauptstraße 49a;71931;Lieferant;Deutschland
SECOMP Electronic Components GmbH;76275;Ettlingen;Einsteinstraße 17-23;71939;Lieferant;Deutschland
"Seton Division
BRADY GmbH";63329;Egelsbach;Brady-Straße 1;71934;Lieferant;Deutschland
Adolf Seuster GmbH & Co. KG;58513;Lüdenscheid;Tietmeckerweg 1;71903;Lieferant;Deutschland
SG Mörsbach;57629;Kundert;Hauptstraße 24;72045;Lieferant;Deutschland
SG Sportfreunde / DJK Herdorf;57556;Herdorf;Postfach 1101;72041;Lieferant;Deutschland
SG TOOLBOX Gmbh;4020;Linz;Am Winterhafen 1;72646;Lieferant;Österreich
SHC GmbH;65624;Altendiez;Im Petersfeld 5;71912;Lieferant;Deutschland
SICO GmbH;58454;Witten;Friedrich-Ebert-Straße 85;71932;Lieferant;Deutschland
SiegAI;57562;Herdorf;Bahnhofsweg 18;72676;Lieferant;Deutschland
Siegmetall GmbH;35708;Haiger;Kalteiche-Ring 24-26;72664;Lieferant;Deutschland
Siemens AG I IS IN OLM LS ITM;91050;Erlangen;Postfach 32 40;71918;Lieferant;Deutschland
"Siemens AG
TS TR EC";47829;Krefeld;Parkstraße 10;71910;Lieferant;Deutschland
"Siemens AG
I DT LD T";90441;Nürnberg;"Warenanahme Gebäude 13
Vogelweiherstr. 1-15";71924;Lieferant;Deutschland
"Siemens Mobility GmbH
MO SCM II FSS";91052;Erlangen;Werner-von-Siemens-Straße 67;71930;Lieferant;Deutschland
SiKoL GmbH;57258;Freudenberg;Alte Eisenstraße 68;71933;Lieferant;Deutschland
Hans Simon OHG;53572;Unkel;Bruchhausener Str. 13;71907;Lieferant;Deutschland
sommer concept GmbH;57076;Siegen;Bismarckstraße 22-24;71928;Lieferant;Deutschland
Sonepar D. Region West GmbH;59439;Holzwickede;Natorper Straße 9;71914;Lieferant;Deutschland
"RÖDDER 
Transport & Handel GmbH";57537;Wissen;Alte Hütte 6;71804;Lieferant;Deutschland
SSI Schäfer Shop GmbH;57518;Betzdorf / Sieg;Industriestraße 65;71916;Lieferant;Deutschland
Stadt- und Feuerwehrkapelle Wissen 1901 e.V.;57537;Wissen;Im Schmittchen 22;72044;Lieferant;Deutschland
Stadtwerke Wissen GmbH;57537;Wissen;Wiesenstraße 2;72026;Lieferant;Deutschland
Stäubli Electrical Connectors GmbH;79576;Weil am Rhein;Hegenheimerstraße 19;72025;Lieferant;Deutschland
Stecker Express GmbH;72766;Reutlingen;Lembergstraße 52;71936;Lieferant;Deutschland
STEINCO Paul vom Stein GmbH;42929;Wermelskirchen;Albert-Einstein-Str. 4;72715;Lieferant;Deutschland
STEINEL Tools GmbH;33442;Herzebrock-Clarholz;Dieselstraße 80-84;72680;Lieferant;
Fritz Stephan GmbH;56412;Gackenbach;Kirchstraße 19;72027;Lieferant;Deutschland
Kabel Sterner GmbH;85080;Gaimersheim;Carl-Benz-Ring 3;70110;Lieferant;Deutschland
stewe Personalservice GmbH & Co. KG;57537;Wissen;Mittelstraße 13;71938;Lieferant;Deutschland
Stocko Contact GmbH&Co.KG;42327;Wuppertal;Simonshöfchen 31;72006;Lieferant;Deutschland
Stöver GmbH & Co. KG;57537;Wissen;Am Mühlengraben 19;72023;Lieferant;Deutschland
"Strunk Connect
automated solutions GmbH & Co. KG";57548;Kirchen-Freusburg;Siegtalstrasse 20;72010;Lieferant;Deutschland
SupplyOn AG;85399;Hallbergmoos;Ludwigstraße 49;72034;Lieferant;Deutschland
SV Rot-Weiss Malberg;57629;Malberg;Höhenstraße 12;72042;Lieferant;Deutschland
"SYNOVA
Metall- und Kunststofftechnik GmbH";36251;Bad Hersfeld;Fuldastraße 24;72402;Lieferant;Deutschland
"System-Elektrotechnik
Gotthold Keller GmbH";71150;Nufringen;Postfach 1126;71917;Lieferant;Deutschland
TE Connecitvity Germany GmbH;64625;Bensheim;Ampèrestraße 12-14;72216;Lieferant;Deutschland
Technolit GmbH;36137;Großenlüder;Industriestraße8;72208;Lieferant;Deutschland
Telekommunikation Höhn;57587;Birken-Honigsessen;Mittelweg 17;70809;Lieferant;Deutschland
TELPOD S. A.;32-050;Skawina;Pilsudskiego 63a;72226;Lieferant;Polen
Temposonics GmbH & Co. KG;58513;Lüdenscheid;Auf dem Schüffel 9;71334;Lieferant;Deutschland
Thermon Deutschland GmbH;51103;Köln;Erna-Scheffler-Strasse 1a / 6.og;72633;Lieferant;Deutschland
TKD KABEL GmbH;72762;Reutlingen;Grathwohlstraße 5;72211;Lieferant;Deutschland
TME Germany GmbH;04105;Leipzig;Humboldtstraße 2;72219;Lieferant;Deutschland
"TNT Express GmbH
Zentrale";53842;Troisdorf;Haberstraße 2;72218;Lieferant;Deutschland
TOP Werbemittel GmbH;97456;Hambach;Im Büttnerstrich;72693;Lieferant;Deutschland
"Total WALTHER GmbH
Feuerschutz und Sicherheit";51069;Köln;Waltherstraße 51;72217;Lieferant;Deutschland
Trading EU e.K.;85467;Neuching;Birkenstraße 1a;72214;Lieferant;Deutschland
Treif Maschinenbau GmbH;57641;Oberlahr;Südstraße 4;72210;Lieferant;Deutschland
TTI Inc.;59439;Holzwickede;Robert-Bosch-Straße 2;72206;Lieferant;Deutschland
UK ENERGIETECHNIK GMBH;53819;Neunkirchen-Seelscheid;Schemmerstückstraße 6;72712;Lieferant;Deutschland
"UL European Label Center
UL GmbH Italy Branch";20061;Carugate;Via Delle Industrie, 1;72304;Lieferant;Italien
UL International Germany GmbH;63263;Neu-Isenburg;Admiral-Rosendahl-Straße 9;72303;Lieferant;Deutschland
Ulmer GmbH;35745;Herborn - Hörbach;Auf den Lüppen;70094;Lieferant;
UMO GmbH;57046;SIEGEN;POSTFACH 310354;72300;Lieferant;Deutschland
UNITRONIC GmbH;41460;Neuss;Hellersbergstraße 10a;72301;Lieferant;Deutschland
UPA PACK GmbH;56751;Polch;Carl-Zeiss-Straße 5;72682;Lieferant;Deutschland
verpackung24 GmbH;72766;Reutlingen;Stuttgarter Str. 28;72644;Lieferant;Deutschland
"Voelkner
Re-In Retail International GmbH";90409;Nürnberg;Nordring 98a;72616;Lieferant;Deutschland
"W. Schmitt GmbH
Brandschutzservice";56564;Neuwied;Friedrichstr. 27;72020;Lieferant;Deutschland
wabeko GmbH;89231;Neu-Ulm;Otto-Renner-Straße 25;71678;Lieferant;Deutschland
"WAGO Kontakttechnik GmbH & Co. KG
Vertriebsbüro Gelsenkirchen";45889;Gelsenkirchen;Johannes-Rau-Allee 37;72501;Lieferant;Deutschland
wallPen GmbH;57537;Wissen;Werkstraße 15;72623;Lieferant;Deutschland
"WALTHER-WERKE
Ferdinand Walther GmbH";67304;Eisenberg;Ramsener Straße 6;72513;Lieferant;Deutschland
Wardenbach Sachverständigenbüro;57537;Wissen;Am Schützenplatz 6;72694;Lieferant;Deutschland
WE Eisenacher GmbH;26556;Westerholt;Dornumer Straße 28-29;70516;Lieferant;Deutschland
Weber GmbH;57580;Gebhardshain;Industriestraße 17;71298;Lieferant;Deutschland
WEETECH GmbH;97877;Wertheim;Hafenstraße 1;72520;Lieferant;Deutschland
Weidmüller GmbH & Co. KG;32758;Detmold;Klingenbergstraße 26;72511;Lieferant;Deutschland
Weiss Technik GmbH;35447;Reiskirchen;Greizer Straße 41-49;72713;Lieferant;
WELBILT Deutschland GmbH;35745;Herborn;Auf der Weih 11;72525;Lieferant;Deutschland
Weller GmbH & Co. KG;57610;Altenkirchen;Kölner Straße 43;72531;Lieferant;Deutschland
Wetec GmbH & Co. KG;42929;Wermelskirchen;Gönges-Straße 1;72634;Lieferant;Deutschland
WEYDEMEYER GMBH;51149;KÖLN;Theodor-Heuss-Strasse 51-53;72504;Lieferant;Deutschland
Wieland Electric;96052;Bamberg;Brennerstraße 10-14;72516;Lieferant;Deutschland
Wilo SE;44236;Dortmund;Nortkirchenstraße 100;72522;Lieferant;Deutschland
Wilvo metaalbewerking b.v.;5571;SM Bergeijk;Melkweg 1;72521;Lieferant;Niederlande
WISKA Hoppmann GmbH;24568;Kaltenkirchen;Kisdorfer Weg 28;72512;Lieferant;Deutschland
WITTKO GmbH;93339;Riedenburg;Steinbruchweg 4;72642;Lieferant;Deutschland
Wolf Signiertechnik;57072;Siegen;Wallhausenstraße 55;72532;Lieferant;Deutschland
"Adolf Würth
GmbH & Co. KG";57074;Siegen;Hauptstraße 84;72503;Lieferant;Deutschland
Würth Elektronik GmbH & Co. KG;74638;Waldenburg;Max-Eyth-Straße 1;72502;Lieferant;Deutschland
"XBK-Kabel
Xaver Bechthold GmbH";78628;Rottweil-Bühlingen;Unterdorf 101;71704;Lieferant;Deutschland
Xylem Water Solutions Herford GmbH;32051;Herford;Boschstraße 4-14;72550;Lieferant;Deutschland
"Yuanhongmao (Suzhou)
Technology Co., Ltd";215144;Suzhou;"No. 6 building, No. 3351 Chengyang Rd, 
Weitang Town, Xiangcheng district";72029;Lieferant;China (Volksrepublik)
"ZEG Zentraleinkauf 
Holz + Kunststoff eG";51597;Morsbach;Wissener Straße 60;72602;Lieferant;Deutschland
"ZF Group
Lucas Varity GmbH";56070;Koblenz;Carl-Spaeter-Straße 8;72605;Lieferant;Deutschland
"Ziehl-Abegg SE
Motoren + Ventilatoren";74653;Künzelsau;Heinz-Ziehl-Straße;72604;Lieferant;Deutschland
R&L  Zimmermann e.K;41238;Mönchengladbach;ERFTSTRASSE 24;72603;Lieferant;Deutschland
Zoller + Fröhlich GmbH;88239;Wangen im Allgäu;Simoniusstraße 22;72601;Lieferant;Deutschland
